Lat,Lon,Pop Density,Intersections,Pedways,Bikeways,POIs,Transit,WalkScore
33.7922,-84.3825,3169.72,39.47,534.76,2.55,193.53,17.83,73
33.7396,-84.526,869.35,1.27,0.0,0.0,11.46,0.0,3
33.8498,-84.4162,3366.7,1.27,1.27,0.0,6.37,0.0,16
33.6809,-84.4965,3195.2,2.55,11.46,0.0,10.19,0.0,22
33.6828,-84.5404,1553.91,0.0,0.0,0.0,1.27,0.0,2
33.8225,-84.3605,7703.86,75.12,393.43,14.01,134.96,10.19,67
33.6906,-84.5284,1693.47,2.55,0.0,0.0,6.37,0.0,10
33.7024,-84.5316,1693.47,2.55,0.0,0.0,15.28,0.0,7
33.7969,-84.3299,4860.82,8.91,617.52,2.55,199.9,12.73,28
33.75,-84.3192,5370.3,22.92,80.21,5.09,40.74,0.0,78
33.8299,-84.4298,989.66,2.55,6.37,0.0,3.82,0.0,8
33.7702,-84.4216,2772.94,3.82,128.6,11.46,30.56,5.09,32
33.7062,-84.4564,2583.61,0.0,34.38,0.0,2.55,0.0,67
33.7004,-84.5191,1869.22,1.27,0.0,0.0,8.91,0.0,3
33.7498,-84.5308,869.35,1.27,0.0,0.0,7.64,0.0,3
33.7061,-84.4342,2583.61,6.37,98.04,0.0,22.92,5.09,14
33.7687,-84.4312,1682.47,2.55,70.03,10.19,17.83,5.09,24
33.7034,-84.5043,2181.92,2.55,0.0,0.0,6.37,0.0,6
33.7214,-84.5347,1693.47,0.0,0.0,0.0,2.55,0.0,3
33.8533,-84.4014,1643.86,6.37,3.82,0.0,2.55,0.0,1
33.8337,-84.3987,2150.09,0.0,0.0,0.0,10.19,0.0,4
33.7527,-84.4418,4438.91,1.27,164.25,28.01,16.55,3.82,41
33.7225,-84.5331,1869.22,0.0,0.0,0.0,3.82,0.0,1
33.7284,-84.445,2446.78,0.0,5.09,0.0,12.73,0.0,35
33.8308,-84.3596,8544.55,39.47,476.19,12.73,89.13,6.37,34
33.7555,-84.3741,8894.93,47.11,1068.25,28.01,328.5,20.37,95
33.8516,-84.4371,989.66,14.01,71.3,0.0,38.2,0.0,31
33.7454,-84.51,2605.77,1.27,1.27,0.0,7.64,0.0,21
33.8752,-84.3911,1643.86,1.27,8.91,0.0,3.82,0.0,34
33.8219,-84.3606,7703.86,73.85,401.07,14.01,137.51,16.55,67
33.7099,-84.4681,2396.62,1.27,2.55,0.0,5.09,0.0,18
33.7502,-84.4751,4173.21,6.37,59.84,1.27,34.38,6.37,41
33.6749,-84.4065,3388.64,8.91,35.65,2.55,34.38,0.0,43
33.6502,-84.3519,553.07,0.0,0.0,0.0,5.09,0.0,2
33.8677,-84.4363,1006.61,8.91,70.03,0.0,6.37,0.0,5
33.6864,-84.4139,2354.36,17.83,24.19,0.0,39.47,0.0,48
33.8778,-84.4237,1006.61,5.09,0.0,0.0,2.55,0.0,1
33.7729,-84.406,10860.5,24.19,1098.81,50.93,202.45,34.38,65
33.7509,-84.4179,4916.92,3.82,906.55,31.83,110.77,5.09,64
33.6681,-84.5164,3040.94,1.27,5.09,0.0,3.82,0.0,15
33.7007,-84.5096,2181.92,1.27,0.0,0.0,8.91,0.0,18
33.8206,-84.4522,7230.94,8.91,99.31,21.65,20.37,0.0,68
33.8162,-84.3948,7542.33,2.55,8.91,20.37,44.56,6.37,75
33.7592,-84.4098,9836.8,6.37,790.68,80.21,101.86,11.46,59
33.8536,-84.3744,4814.91,22.92,243.19,3.82,104.41,5.09,44
33.7408,-84.4653,1571.23,0.0,0.0,1.27,2.55,0.0,9
33.7569,-84.3344,6740.65,7.64,318.31,14.01,68.75,7.64,42
33.6718,-84.3737,1745.6,0.0,24.19,0.0,22.92,0.0,7
33.7889,-84.487,772.12,14.01,26.74,0.0,20.37,0.0,30
33.8395,-84.4068,1643.86,2.55,3.82,0.0,11.46,0.0,2
33.7469,-84.501,1429.67,10.19,0.0,0.0,7.64,0.0,3
33.8618,-84.3805,1643.86,3.82,12.73,1.27,30.56,0.0,72
33.8211,-84.3627,7703.86,82.76,351.41,14.01,136.24,20.37,78
33.6994,-84.4656,8466.82,1.27,40.74,0.0,10.19,0.0,20
33.7198,-84.3613,3225.97,2.55,197.35,7.64,36.92,14.01,5
33.7344,-84.3558,5752.0,20.37,462.19,8.91,56.02,7.64,47
33.8019,-84.4525,1141.57,0.0,26.74,2.55,6.37,0.0,2
33.698,-84.5333,1693.47,2.55,0.0,0.0,14.01,0.0,25
33.8062,-84.4685,2284.57,3.82,19.1,0.0,35.65,1.27,27
33.7716,-84.3525,11299.52,38.2,435.45,24.19,779.22,11.46,88
33.8171,-84.466,1773.01,1.27,10.19,5.09,11.46,0.0,30
33.6547,-84.3748,553.07,7.64,25.46,0.0,19.1,0.0,21
33.7023,-84.367,1807.46,0.0,12.73,0.0,6.37,0.0,4
33.7265,-84.4293,3531.11,0.0,36.92,15.28,21.65,0.0,35
33.712,-84.3743,1814.43,2.55,105.68,0.0,28.01,1.27,29
33.8188,-84.3828,7397.18,3.82,2.55,0.0,22.92,6.37,77
33.8251,-84.4244,989.66,3.82,56.02,1.27,1.27,0.0,8
33.761,-84.4993,3562.11,3.82,0.0,0.0,33.1,0.0,45
33.6945,-84.4822,3195.2,7.64,40.74,0.0,19.1,0.0,38
33.7132,-84.4668,2396.62,1.27,0.0,1.27,2.55,0.0,7
33.7545,-84.4981,6153.97,10.19,0.0,0.0,30.56,0.0,61
33.8467,-84.3668,2355.35,49.66,863.26,15.28,224.09,6.37,80
33.8601,-84.3537,3245.64,0.0,562.77,0.0,30.56,0.0,37
33.7207,-84.4482,2446.78,0.0,5.09,0.0,7.64,0.0,23
33.7652,-84.3334,6137.65,11.46,420.17,17.83,75.12,7.64,77
33.6511,-84.3837,553.07,3.82,17.83,0.0,7.64,0.0,18
33.7066,-84.4587,2396.62,0.0,21.65,0.0,2.55,0.0,66
33.7799,-84.4497,1682.47,1.27,28.01,1.27,35.65,0.0,39
33.8772,-84.3995,2278.57,1.27,7.64,0.0,7.64,0.0,31
33.7271,-84.3977,4448.28,5.09,89.13,1.27,82.76,0.0,41
33.7613,-84.3216,5886.64,3.82,115.86,7.64,12.73,3.82,61
33.8302,-84.4433,2941.03,3.82,0.0,0.0,2.55,0.0,10
33.6628,-84.5072,3040.94,1.27,5.09,0.0,70.03,0.0,47
33.7444,-84.4333,4438.91,7.64,89.13,34.38,42.02,0.0,66
33.7354,-84.4367,5667.77,2.55,57.3,12.73,38.2,0.0,68
33.6807,-84.3646,1745.6,1.27,7.64,1.27,1.27,0.0,6
33.6769,-84.3635,553.07,0.0,20.37,1.27,5.09,0.0,4
33.7875,-84.5137,861.17,3.82,12.73,0.0,5.09,0.0,0
33.834,-84.3539,5170.73,0.0,490.2,5.09,7.64,0.0,30
33.8118,-84.4077,3393.29,7.64,241.92,29.28,47.11,0.0,58
33.7038,-84.4002,1708.16,6.37,86.58,2.55,38.2,0.0,28
33.8058,-84.3537,4376.46,6.37,24.19,0.0,12.73,0.0,9
33.8635,-84.3614,1987.51,0.0,174.43,3.82,1.27,0.0,20
33.6843,-84.3514,2674.81,5.09,40.74,0.0,5.09,0.0,1
33.7735,-84.3697,6882.91,17.83,627.71,34.38,273.75,2.55,94
33.7558,-84.3674,8894.93,57.3,974.03,44.56,304.3,8.91,95
33.826,-84.4281,989.66,2.55,6.37,0.0,6.37,0.0,10
33.7387,-84.3032,3459.85,6.37,40.74,0.0,25.46,0.0,25
33.7067,-84.5171,2181.92,1.27,0.0,0.0,0.0,0.0,4
33.7347,-84.4008,11310.34,29.28,331.04,0.0,92.95,10.19,63
33.8019,-84.4585,2284.57,0.0,26.74,2.55,8.91,1.27,3
33.798,-84.3168,4397.48,10.19,676.09,22.92,193.53,24.19,20
33.8149,-84.3657,4543.71,47.11,108.23,5.09,72.57,6.37,73
33.8744,-84.4011,1643.86,2.55,6.37,0.0,10.19,0.0,31
33.8731,-84.3767,3584.71,17.83,44.56,2.55,58.57,0.0,69
33.7251,-84.4079,2571.13,10.19,118.41,10.19,72.57,0.0,59
33.6879,-84.3976,2096.96,2.55,52.2,0.0,16.55,0.0,2
33.8011,-84.46,2284.57,0.0,22.92,1.27,8.91,1.27,4
33.8405,-84.4281,3366.7,11.46,81.49,0.0,52.2,0.0,44
33.7545,-84.4495,2673.97,1.27,119.68,14.01,21.65,3.82,22
33.7995,-84.3409,5115.38,3.82,66.21,0.0,30.56,0.0,23
33.706,-84.5287,1869.22,0.0,0.0,0.0,5.09,0.0,8
33.6745,-84.4975,3195.2,1.27,11.46,0.0,10.19,0.0,12
33.8502,-84.4265,3366.7,16.55,127.32,0.0,56.02,0.0,56
33.785,-84.3877,43296.3,67.48,1205.76,31.83,345.05,35.65,91
33.8181,-84.4275,7802.82,1.27,0.0,0.0,14.01,1.27,36
33.7927,-84.346,5115.38,3.82,53.48,1.27,28.01,5.09,50
33.7594,-84.4704,1940.62,5.09,63.66,0.0,34.38,6.37,35
33.7431,-84.3375,3302.44,6.37,120.96,7.64,43.29,0.0,52
33.7768,-84.4199,4404.69,3.82,201.17,15.28,63.66,0.0,55
33.7644,-84.4467,3325.12,1.27,21.65,1.27,22.92,0.0,17
33.6923,-84.492,1418.5,7.64,40.74,0.0,8.91,0.0,55
33.7296,-84.3572,5752.0,24.19,343.77,11.46,50.93,31.83,42
33.7688,-84.3253,6137.65,10.19,231.73,2.55,57.3,0.0,37
33.8039,-84.391,4261.19,3.82,96.77,1.27,91.67,5.09,75
33.7863,-84.4027,14311.38,50.93,1535.53,10.19,234.28,16.55,82
33.8314,-84.4332,989.66,2.55,7.64,0.0,3.82,0.0,3
33.6902,-84.5231,1242.4,1.27,0.0,0.0,11.46,0.0,12
33.8587,-84.4306,1006.61,3.82,17.83,0.0,7.64,0.0,26
33.7483,-84.4203,4916.92,5.09,683.73,39.47,95.49,1.27,55
33.8649,-84.4381,1006.61,6.37,90.4,0.0,12.73,2.55,7
33.7514,-84.3487,5447.0,103.13,593.33,16.55,114.59,10.19,83
33.7025,-84.4721,8466.82,2.55,0.0,0.0,12.73,0.0,33
33.6888,-84.3932,2096.96,0.0,0.0,1.27,10.19,0.0,16
33.6692,-84.3625,553.07,0.0,0.0,0.0,2.55,0.0,6
33.727,-84.4991,1429.67,14.01,24.19,0.0,22.92,0.0,8
33.8468,-84.4152,3366.7,8.91,15.28,0.0,11.46,0.0,5
33.6827,-84.3965,2096.96,2.55,52.2,0.0,21.65,0.0,54
33.8539,-84.3665,15700.0,39.47,1069.52,2.55,168.07,5.09,72
33.7443,-84.3971,3929.35,50.93,1201.94,19.1,259.74,11.46,53
33.7269,-84.4766,1429.67,1.27,0.0,2.55,5.09,0.0,13
33.6959,-84.4806,3195.2,6.37,20.37,0.0,20.37,0.0,36
33.7988,-84.4404,1141.57,6.37,35.65,0.0,16.55,0.0,15
33.7958,-84.5057,772.12,2.55,19.1,1.27,10.19,0.0,17
33.7683,-84.3437,6941.18,26.74,584.42,28.01,138.78,16.55,59
33.8666,-84.404,1643.86,2.55,0.0,0.0,7.64,0.0,8
33.6819,-84.53,1242.4,0.0,0.0,0.0,1.27,0.0,6
33.7041,-84.5025,2181.92,2.55,0.0,0.0,6.37,0.0,5
33.725,-84.4079,2571.13,10.19,117.14,10.19,71.3,0.0,59
33.7015,-84.5112,2181.92,1.27,0.0,0.0,7.64,0.0,13
33.7986,-84.3146,4397.48,8.91,522.03,20.37,134.96,16.55,16
33.8568,-84.4437,989.66,3.82,39.47,0.0,11.46,1.27,11
33.6986,-84.5338,1693.47,2.55,0.0,0.0,14.01,0.0,23
33.8069,-84.4338,2628.4,5.09,16.55,1.27,21.65,1.27,49
33.7485,-84.467,1571.23,3.82,49.66,1.27,34.38,6.37,52
33.8507,-84.4401,989.66,6.37,38.2,0.0,8.91,0.0,3
33.7086,-84.524,1869.22,0.0,0.0,0.0,2.55,0.0,3
33.8748,-84.3664,3584.71,0.0,105.68,1.27,1.27,0.0,10
33.7708,-84.3814,16659.86,81.49,2119.94,22.92,534.76,28.01,91
33.6867,-84.5244,1242.4,0.0,0.0,0.0,6.37,0.0,2
33.7089,-84.5164,1869.22,1.27,0.0,0.0,1.27,0.0,5
33.8245,-84.4156,3393.29,5.09,66.21,42.02,11.46,0.0,9
33.8708,-84.421,1006.61,3.82,0.0,0.0,2.55,0.0,5
33.696,-84.5058,2181.92,3.82,0.0,0.0,22.92,0.0,28
33.8297,-84.4412,989.66,2.55,0.0,0.0,5.09,0.0,5
33.7874,-84.48,772.12,1.27,16.55,0.0,16.55,0.0,22
33.8417,-84.3866,5857.63,16.55,52.2,8.91,112.05,0.0,54
33.7221,-84.4851,1429.67,1.27,0.0,0.0,10.19,0.0,8
33.7725,-84.5049,861.17,6.37,0.0,0.0,16.55,0.0,12
33.8299,-84.4516,989.66,3.82,0.0,5.09,2.55,0.0,5
33.7129,-84.3967,9473.84,0.0,85.31,1.27,38.2,0.0,26
33.6999,-84.368,1807.46,0.0,10.19,0.0,5.09,0.0,3
33.8105,-84.3568,4376.46,6.37,45.84,0.0,58.57,3.82,56
33.7088,-84.4927,1418.5,0.0,0.0,0.0,1.27,0.0,4
33.8284,-84.3989,2150.09,3.82,8.91,21.65,7.64,0.0,15
33.8235,-84.4142,3393.29,5.09,66.21,42.02,11.46,0.0,1
33.6849,-84.5161,1242.4,3.82,0.0,0.0,15.28,0.0,12
33.8595,-84.3948,1643.86,5.09,0.0,1.27,0.0,0.0,16
33.8094,-84.4713,1141.57,3.82,14.01,0.0,39.47,1.27,50
33.7525,-84.3668,8761.1,54.75,1280.88,33.1,342.5,8.91,91
33.7408,-84.3432,3302.44,12.73,401.07,10.19,118.41,0.0,83
33.7903,-84.3181,4860.82,11.46,642.99,34.38,203.72,21.65,65
33.7156,-84.4615,2446.78,5.09,5.09,1.27,7.64,0.0,42
33.7427,-84.4291,3993.84,22.92,103.13,29.28,44.56,0.0,67
33.6484,-84.3859,553.07,11.46,24.19,0.0,15.28,0.0,6
33.7488,-84.4566,1571.23,1.27,17.83,0.0,12.73,0.0,23
33.8256,-84.3725,4521.44,61.12,182.07,1.27,106.95,17.83,42
33.7526,-84.3881,4099.34,127.32,2866.06,58.57,697.74,57.3,95
33.7294,-84.4242,3682.38,29.28,63.66,22.92,26.74,0.0,51
33.7559,-84.3735,8894.93,42.02,990.58,38.2,318.31,20.37,95
33.7546,-84.3831,13716.05,108.23,2386.05,33.1,640.44,58.57,97
33.8163,-84.3497,6280.33,20.37,67.48,1.27,87.85,7.64,67
33.7202,-84.4483,2446.78,0.0,5.09,0.0,7.64,0.0,23
33.8062,-84.3967,13297.49,1.27,64.94,26.74,78.94,5.09,74
33.7574,-84.5333,869.35,7.64,0.0,0.0,3.82,0.0,24
33.7065,-84.3648,4575.0,0.0,34.38,0.0,19.1,0.0,18
33.8568,-84.3522,3245.64,0.0,706.65,0.0,47.11,0.0,62
33.7317,-84.3847,6470.72,14.01,921.83,6.37,150.24,19.1,67
33.702,-84.3931,1708.16,1.27,49.66,10.19,24.19,0.0,20
33.8297,-84.4207,1948.91,3.82,38.2,1.27,3.82,0.0,10
33.7251,-84.3883,3929.35,6.37,459.64,0.0,82.76,0.0,69
33.7328,-84.3475,3302.44,5.09,207.54,8.91,36.92,2.55,71
33.7559,-84.4219,5295.02,1.27,336.14,33.1,71.3,5.09,67
33.7904,-84.3765,3169.72,17.83,546.22,14.01,207.54,1.27,72
33.6935,-84.5271,1693.47,2.55,0.0,0.0,11.46,0.0,4
33.7852,-84.4373,1622.89,5.09,54.75,2.55,3.82,0.0,4
33.6795,-84.5068,3026.58,6.37,0.0,0.0,8.91,0.0,23
33.7291,-84.4878,1429.67,0.0,12.73,0.0,6.37,0.0,7
33.7509,-84.4449,4438.91,1.27,157.88,29.28,11.46,3.82,41
33.7136,-84.447,2396.62,0.0,0.0,0.0,11.46,0.0,32
33.7664,-84.4419,3325.12,1.27,30.56,0.0,26.74,0.0,43
33.8742,-84.4035,1643.86,2.55,3.82,0.0,16.55,0.0,24
33.7143,-84.4925,1418.5,0.0,0.0,0.0,8.91,0.0,4
33.7795,-84.5107,861.17,10.19,0.0,0.0,15.28,0.0,4
33.7768,-84.3387,3511.04,14.01,220.27,14.01,42.02,1.27,31
33.7051,-84.3972,1708.16,0.0,80.21,5.09,30.56,0.0,25
33.8056,-84.3879,4261.19,1.27,58.57,0.0,85.31,5.09,68
33.8457,-84.4553,989.66,2.55,0.0,0.0,1.27,0.0,7
33.7184,-84.3793,2919.72,3.82,235.55,0.0,56.02,0.0,38
33.8066,-84.3981,13297.49,1.27,63.66,26.74,76.39,1.27,72
33.7165,-84.5036,2181.92,20.37,0.0,0.0,21.65,0.0,12
33.74,-84.3275,3302.44,6.37,8.91,1.27,11.46,0.0,28
33.8075,-84.4616,1141.57,0.0,21.65,2.55,10.19,1.27,6
33.7977,-84.3802,2508.24,12.73,217.72,11.46,90.4,2.55,56
33.8299,-84.4196,1948.91,3.82,38.2,1.27,3.82,0.0,10
33.7285,-84.4378,3531.11,0.0,6.37,0.0,17.83,0.0,48
33.7061,-84.5256,1869.22,0.0,0.0,0.0,1.27,0.0,3
33.6856,-84.3745,1745.6,0.0,31.83,11.46,12.73,0.0,3
33.7661,-84.4612,3325.12,0.0,3.82,1.27,17.83,0.0,1
33.6852,-84.4024,3388.64,6.37,52.2,0.0,20.37,0.0,41
33.8155,-84.4114,3393.29,6.37,159.15,29.28,34.38,0.0,46
33.7019,-84.4833,2772.62,5.09,20.37,0.0,15.28,0.0,6
33.6896,-84.3616,1807.46,1.27,3.82,0.0,11.46,0.0,6
33.7006,-84.5036,2181.92,2.55,0.0,0.0,6.37,0.0,4
33.7447,-84.4988,1429.67,1.27,2.55,0.0,3.82,0.0,4
33.6947,-84.5263,1693.47,1.27,0.0,0.0,11.46,0.0,23
33.6593,-84.3821,553.07,0.0,5.09,0.0,15.28,0.0,24
33.8745,-84.4396,1006.61,1.27,62.39,3.82,3.82,0.0,1
33.7172,-84.5262,1869.22,0.0,0.0,0.0,3.82,0.0,2
33.7452,-84.5165,2605.77,1.27,0.0,0.0,6.37,0.0,6
33.855,-84.402,1643.86,2.55,0.0,0.0,0.0,0.0,1
33.7276,-84.4195,3682.38,20.37,110.77,29.28,28.01,0.0,60
33.7099,-84.3972,9473.84,0.0,54.75,0.0,33.1,0.0,27
33.7027,-84.4181,2354.36,6.37,90.4,0.0,12.73,0.0,46
33.7592,-84.361,8761.1,42.02,716.83,59.84,204.99,10.19,90
33.7219,-84.4273,3545.08,1.27,77.67,1.27,20.37,7.64,55
33.7912,-84.3244,4860.82,14.01,728.29,33.1,220.27,20.37,70
33.7442,-84.5266,869.35,1.27,0.0,0.0,1.27,0.0,2
33.7373,-84.5227,2605.77,0.0,0.0,0.0,11.46,0.0,3
33.8025,-84.4743,2284.57,2.55,5.09,0.0,25.46,0.0,27
33.7488,-84.3722,7094.2,42.02,1462.95,17.83,301.76,16.55,84
33.7901,-84.4128,2628.4,21.65,387.06,3.82,110.77,3.82,60
33.6674,-84.5104,3040.94,1.27,5.09,0,3.82,0,8
33.8528,-84.3937,1643.86,6.37,3.82,0,2.55,0,8
33.8231,-84.3689,12773.85,72.57,235.55,12.73,129.87,19.1,82
33.7318,-84.5222,869.35,0,0,0,21.65,0,10
33.7888,-84.4463,1622.89,2.55,81.49,3.82,17.83,0,11
33.8338,-84.3538,5170.73,0,516.94,5.09,8.91,0,30
33.6517,-84.3825,553.07,0,11.46,0,10.19,0,17
33.8736,-84.3666,3584.71,0,71.3,0,1.27,0,10
33.6765,-84.4137,3388.64,8.91,50.93,1.27,38.2,0,18
33.7416,-84.5272,869.35,1.27,0,0,11.46,0,3
33.6911,-84.5287,1693.47,2.55,0,0,12.73,0,14
33.7951,-84.4414,1141.57,2.55,52.2,0,14.01,0,4
33.8246,-84.3698,12773.85,73.85,215.18,12.73,133.69,19.1,76
33.7191,-84.4036,2582.68,7.64,94.22,6.37,58.57,0,42
33.8075,-84.3987,13297.49,1.27,56.02,26.74,80.21,0,65
33.8164,-84.3506,6280.33,20.37,71.3,2.55,89.13,6.37,76
33.8393,-84.3641,2355.35,28.01,374.33,16.55,86.58,5.09,73
33.7149,-84.3633,3225.97,1.27,86.58,0,28.01,1.27,35
33.6565,-84.5131,3040.94,12.73,1.27,0,50.93,0,57
33.7993,-84.3616,4376.46,8.91,71.3,6.37,58.57,0,48
33.7369,-84.4567,1571.23,1.27,1.27,1.27,1.27,0,6
33.8661,-84.4334,1006.61,7.64,12.73,0,3.82,0,4
33.7962,-84.4409,1141.57,3.82,45.84,0,17.83,0,8
33.8012,-84.4674,2284.57,1.27,17.83,0,22.92,1.27,6
33.7494,-84.5022,6153.97,10.19,0,0,20.37,0,32
33.8397,-84.4478,989.66,6.37,1.27,0,1.27,0,1
33.7651,-84.3927,9364.52,101.86,2494.28,54.75,561.5,49.66,87
33.8266,-84.3749,4521.44,40.74,145.15,0,56.02,16.55,37
33.7544,-84.4798,4173.21,2.55,12.73,1.27,20.37,2.55,42
33.7643,-84.4881,3562.11,0,0,0,2.55,0,6
33.7186,-84.4511,2446.78,0,5.09,0,5.09,0,28
33.7322,-84.4359,3531.11,3.82,53.48,10.19,35.65,0,58
33.6735,-84.3639,553.07,0,29.28,1.27,5.09,0,4
33.6739,-84.4982,3195.2,2.55,11.46,0,11.46,0,11
33.7598,-84.4952,3562.11,10.19,0,0,21.65,0,28
33.7919,-84.4744,772.12,1.27,22.92,0,7.64,0,16
33.7979,-84.3528,4376.46,5.09,56.02,1.27,24.19,3.82,50
33.7351,-84.4038,4448.28,26.74,336.14,1.27,89.13,11.46,66
33.8139,-84.3629,4804.18,35.65,126.05,5.09,85.31,0,39
33.8115,-84.375,4543.71,15.28,61.12,8.91,56.02,0,49
33.8392,-84.4045,1643.86,2.55,2.55,0,10.19,0,3
33.7751,-84.353,11299.52,33.1,318.31,19.1,835.25,8.91,93
33.7619,-84.4591,3325.12,0,6.37,1.27,15.28,0,8
33.7115,-84.4837,2772.62,0,0,0,1.27,0,9
33.765,-84.3442,6941.18,40.74,631.53,30.56,173.16,22.92,84
33.7142,-84.4393,2396.62,0,3.82,0,17.83,0,31
33.7735,-84.4284,1682.47,2.55,61.12,10.19,15.28,5.09,15
33.6609,-84.3585,553.07,0,0,0,5.09,0,3
33.861,-84.4137,1006.61,0,0,0,0,0,5
33.8636,-84.3638,1987.51,0,171.89,3.82,2.55,0,21
33.7346,-84.5192,869.35,0,0,0,15.28,0,5
33.7615,-84.4416,4113.54,1.27,20.37,10.19,22.92,0,38
33.8007,-84.381,2508.24,6.37,124.78,15.28,49.66,2.55,36
33.8338,-84.3531,5170.73,0,523.3,5.09,8.91,0,17
33.7602,-84.5213,869.35,7.64,0,0,15.28,0,11
33.6911,-84.3775,2096.96,0,22.92,15.28,8.91,0,4
33.7941,-84.359,4082.49,12.73,92.95,1.27,236.82,3.82,55
33.8685,-84.3544,1987.51,2.55,103.13,0,2.55,0,11
33.7517,-84.4712,4173.21,6.37,59.84,1.27,35.65,6.37,40
33.7753,-84.4741,3285.9,1.27,57.3,0,29.28,0,57
33.8377,-84.4318,989.66,5.09,76.39,0,30.56,0,3
33.7112,-84.365,7058.82,1.27,75.12,0,25.46,1.27,38
33.7474,-84.3586,7094.2,86.58,914.19,44.56,169.34,0,90
33.7059,-84.4496,2583.61,0,38.2,0,2.55,0,47
33.7033,-84.3607,4575.0,0,43.29,0,20.37,0,14
33.7569,-84.4742,1940.62,6.37,86.58,0,34.38,6.37,30
33.7356,-84.3548,5752.0,16.55,560.23,10.19,94.22,0,47
33.8034,-84.4101,7918.16,19.1,263.56,8.91,89.13,0,58
33.8069,-84.3769,4543.71,5.09,17.83,14.01,35.65,0,49
33.7983,-84.4587,1622.89,0,22.92,2.55,7.64,0,2
33.7972,-84.3073,4397.48,6.37,313.22,12.73,110.77,11.46,60
33.6517,-84.3718,553.07,5.09,12.73,0,22.92,0,12
33.753,-84.5023,6153.97,10.19,0,0,33.1,0,49
33.817,-84.4605,1141.57,2.55,40.74,20.37,10.19,0,38
33.6776,-84.3807,1745.6,0,19.1,1.27,21.65,0,28
33.8613,-84.3768,4814.91,3.82,22.92,3.82,31.83,0,64
33.8387,-84.4229,1948.91,8.91,54.75,0,42.02,0,27
33.7767,-84.466,2454.7,1.27,57.3,0,30.56,0,40
33.7906,-84.3492,4376.46,6.37,67.48,1.27,314.49,3.82,63
33.7581,-84.3644,8761.1,47.11,741.03,59.84,267.38,0,93
33.7566,-84.4498,2673.97,1.27,112.05,10.19,24.19,3.82,22
33.7681,-84.4209,2772.94,3.82,169.34,11.46,31.83,5.09,39
33.7308,-84.3771,4828.07,16.55,930.74,1.27,145.15,25.46,78
33.7074,-84.5428,1693.47,0,14.01,2.55,11.46,0,4
33.8657,-84.3507,1987.51,0,176.98,0,2.55,0,20
33.7098,-84.5204,1869.22,0,0,0,1.27,0,4
33.6761,-84.4034,3388.64,6.37,48.38,1.27,28.01,0,55
33.7088,-84.4358,2583.61,1.27,57.3,0,26.74,0,6
33.8618,-84.3498,3245.64,0,524.57,0,31.83,0,48
33.8518,-84.3715,4814.91,35.65,543.67,3.82,146.42,5.09,39
33.8521,-84.358,17263.35,29.28,1333.08,10.19,160.43,5.09,89
33.8283,-84.3617,7020.3,64.94,471.1,14.01,122.23,20.37,58
33.7375,-84.4936,1429.67,0,19.1,0,10.19,0,10
33.8252,-84.3943,2150.09,6.37,0,1.27,24.19,6.37,44
33.8062,-84.4346,2628.4,5.09,15.28,1.27,24.19,0,41
33.7119,-84.4397,2583.61,0,19.1,0,22.92,0,32
33.7188,-84.4115,2582.68,7.64,95.49,10.19,40.74,0,56
33.731,-84.3944,3929.35,19.1,352.69,6.37,114.59,11.46,45
33.6777,-84.3699,1745.6,0,28.01,1.27,15.28,0,5
33.877,-84.4232,1006.61,3.82,0,0,2.55,0,1
33.7334,-84.362,4828.07,26.74,580.6,5.09,44.56,21.65,48
33.8546,-84.3653,15700.0,35.65,1094.99,2.55,136.24,5.09,68
33.7847,-84.3758,3169.72,35.65,847.98,21.65,320.86,1.27,89
33.6739,-84.4014,3388.64,2.55,25.46,2.55,24.19,0,34
33.8238,-84.3734,4521.44,56.02,173.16,1.27,73.85,16.55,53
33.7157,-84.4439,2446.78,0,0,0,15.28,0,25
33.772,-84.4042,10860.5,24.19,1167.56,49.66,226.64,43.29,69
33.8035,-84.4408,1141.57,3.82,11.46,0,16.55,0,32
33.7007,-84.4688,8466.82,1.27,2.55,0,12.73,0,29
33.7878,-84.3924,11229.34,62.39,1194.3,21.65,241.92,35.65,86
33.7512,-84.3501,8984.08,101.86,621.34,34.38,133.69,10.19,87
33.8113,-84.4711,1773.01,3.82,14.01,0,33.1,1.27,50
33.7955,-84.4939,772.12,7.64,8.91,0,10.19,0,23
33.7075,-84.4151,2582.68,5.09,206.26,0,21.65,0,32
33.8597,-84.4404,989.66,6.37,64.94,0,17.83,2.55,5
33.7527,-84.2979,4174.83,17.83,606.06,2.55,42.02,0,48
33.7996,-84.316,4397.48,7.64,575.5,15.28,143.88,15.28,21
33.6925,-84.3585,2674.81,1.27,7.64,0,14.01,0,8
33.7453,-84.5169,2605.77,1.27,0,0,5.09,0,4
33.7435,-84.3718,7213.33,33.1,1310.16,3.82,182.07,16.55,87
33.7079,-84.4067,2582.68,3.82,40.74,0,34.38,0,38
33.6836,-84.5306,1242.4,0,0,0,3.82,0,1
33.6766,-84.3715,1745.6,0,28.01,1.27,17.83,0,4
33.6504,-84.3673,553.07,5.09,6.37,0,21.65,0,33
33.7071,-84.525,1869.22,0,0,0,1.27,0,3
33.8547,-84.4041,1643.86,1.27,0,0,0,0,0
33.7757,-84.441,1682.47,0,39.47,1.27,16.55,0,48
33.7391,-84.4316,3993.84,20.37,85.31,28.01,47.11,0,79
33.8143,-84.4608,1141.57,2.55,34.38,14.01,11.46,0,1
33.8697,-84.3919,1643.86,1.27,8.91,1.27,12.73,0,24
33.7066,-84.4914,1418.5,0,0,0,1.27,0,10
33.7031,-84.5275,1869.22,1.27,0,0,7.64,0,5
33.7058,-84.3522,2674.81,3.82,63.66,0,28.01,1.27,30
33.8127,-84.4033,3393.29,1.27,8.91,36.92,24.19,0,33
33.8139,-84.4741,1773.01,5.09,7.64,0,28.01,0,48
33.7004,-84.4796,2772.62,5.09,20.37,0,15.28,0,47
33.7877,-84.406,14311.38,47.11,1176.47,7.64,220.27,8.91,87
33.8691,-84.4024,1643.86,1.27,1.27,0,10.19,0,11
33.7988,-84.4253,2628.4,6.37,28.01,1.27,24.19,0,54
33.7545,-84.4315,5295.02,0,118.41,45.84,24.19,0,33
33.8374,-84.4357,989.66,1.27,42.02,0,17.83,0,4
33.753,-84.523,2605.77,1.27,0,0,10.19,0,7
33.7046,-84.5276,1869.22,0,0,0,7.64,0,7
33.8337,-84.3883,13198.47,12.73,35.65,8.91,104.41,0,61
33.7932,-84.3576,4082.49,8.91,84.03,1.27,240.64,3.82,61
33.7851,-84.4103,11479.8,38.2,981.67,7.64,212.63,15.28,90
33.6573,-84.3819,553.07,0,0,0,12.73,0,24
33.7561,-84.5163,2605.77,0,0,0,17.83,0,22
33.7638,-84.4475,3325.12,1.27,17.83,1.27,21.65,0,25
33.7337,-84.4824,1429.67,0,14.01,0,10.19,0,1
33.7958,-84.4941,772.12,7.64,8.91,1.27,10.19,0,26
33.6507,-84.3981,1445.79,17.83,24.19,3.82,45.84,0,42
33.7366,-84.4394,5667.77,2.55,54.75,12.73,36.92,0,57
33.7582,-84.3839,13716.05,126.05,2686.54,48.38,690.1,45.84,96
33.6762,-84.5241,1242.4,0,0,0,2.55,0,2
33.7545,-84.4631,3325.12,3.82,61.12,1.27,29.28,6.37,45
33.7198,-84.4857,2772.62,1.27,0,0,10.19,0,14
33.7777,-84.5087,861.17,11.46,0,0,17.83,0,6
33.7083,-84.4787,2772.62,2.55,0,0,6.37,0,11
33.8495,-84.356,17263.35,19.1,1292.34,20.37,154.06,5.09,79
33.741,-84.3869,7496.5,34.38,1147.19,6.37,170.61,17.83,53
33.7145,-84.3749,1814.43,3.82,137.51,0,35.65,1.27,33
33.7177,-84.4224,2292.62,2.55,182.07,0,16.55,7.64,58
33.7018,-84.5129,2181.92,1.27,0,0,7.64,0,10
33.7296,-84.4132,2571.13,28.01,141.33,16.55,43.29,11.46,66
33.8382,-84.3917,2150.09,6.37,24.19,0,31.83,0,38
33.8229,-84.4064,2150.09,3.82,19.1,44.56,10.19,0,13
33.7078,-84.3991,9473.84,0,63.66,0,38.2,0,21
33.8592,-84.4489,989.66,5.09,85.31,14.01,12.73,2.55,20
33.7981,-84.5038,772.12,1.27,20.37,2.55,7.64,0,14
33.7413,-84.3411,3302.44,10.19,346.32,11.46,98.04,0,77
33.8243,-84.4593,1141.57,5.09,59.84,21.65,11.46,0,35
33.8401,-84.4304,989.66,7.64,81.49,0,42.02,0,1
33.7076,-84.387,1708.16,0,12.73,1.27,38.2,0,18
33.6994,-84.4873,1418.5,5.09,20.37,0,8.91,0,48
33.7911,-84.5018,861.17,12.73,16.55,0,10.19,0,12
33.8522,-84.449,989.66,2.55,0,3.82,1.27,0,3
33.6849,-84.5197,1242.4,3.82,0,0,12.73,0,10
33.7385,-84.4176,4559.75,44.56,452.0,36.92,98.04,11.46,92
33.8193,-84.455,1141.57,8.91,105.68,21.65,16.55,0,65
33.7121,-84.3708,7058.82,2.55,86.58,0,25.46,1.27,26
33.7664,-84.3672,14429.12,34.38,781.77,63.66,244.46,1.27,83
33.766,-84.3894,6890.58,112.05,2774.39,54.75,607.34,53.48,81
33.7192,-84.5346,1693.47,0,0,0,2.55,0,3
33.7871,-84.5094,861.17,7.64,6.37,0,3.82,0,0
33.6845,-84.3523,2674.81,5.09,40.74,0,3.82,0,1
33.8655,-84.3957,1643.86,3.82,0,1.27,0,0,17
33.7591,-84.4655,3325.12,6.37,77.67,0,35.65,6.37,21
33.736,-84.3694,4828.07,36.92,845.43,3.82,101.86,24.19,70
33.7871,-84.405,14311.38,47.11,1333.08,7.64,240.64,11.46,82
33.7521,-84.4443,4438.91,1.27,160.43,29.28,12.73,3.82,45
33.7208,-84.4037,3267.58,7.64,95.49,6.37,66.21,0,50
33.7519,-84.5039,6153.97,5.09,0,0,31.83,0,20
33.8335,-84.3945,2150.09,2.55,7.64,0,12.73,0,24
33.806,-84.3682,4543.71,20.37,94.22,8.91,77.67,0,81
33.8743,-84.3564,1987.51,2.55,182.07,0,1.27,0,6
33.8777,-84.4234,1006.61,5.09,0,0,2.55,0,1
33.7938,-84.5043,861.17,7.64,2.55,0,6.37,0,17
33.8564,-84.3801,4814.91,12.73,56.02,3.82,38.2,0,72
33.7151,-84.5024,2181.92,2.55,0,0,2.55,0,8
33.7654,-84.4248,2772.94,0,64.94,3.82,20.37,5.09,49
33.7734,-84.4441,1682.47,0,17.83,1.27,26.74,0,52
33.7083,-84.4554,2396.62,0,21.65,0,3.82,0,66
33.8283,-84.4501,989.66,6.37,12.73,19.1,3.82,0,18
33.7683,-84.4477,3325.12,1.27,21.65,0,25.46,0,32
33.6703,-84.3689,1745.6,0,19.1,0,17.83,0,4
33.8003,-84.3096,4397.48,2.55,305.58,25.46,61.12,0,61
33.8468,-84.367,2355.35,47.11,854.34,15.28,230.46,6.37,84
33.7457,-84.394,3929.35,57.3,1559.72,24.19,300.48,15.28,78
33.7345,-84.3767,4828.07,26.74,1082.25,2.55,131.14,28.01,73
33.7769,-84.4835,3285.9,0,8.91,0,16.55,0,30
33.8496,-84.4329,989.66,16.55,133.69,0,62.39,0,52
33.7228,-84.4453,3531.11,0,0,0,3.82,0,25
33.787,-84.394,11229.34,56.02,1271.97,19.1,222.82,36.92,86
33.8567,-84.3754,4814.91,16.55,143.88,5.09,50.93,1.27,37
33.7602,-84.4937,3562.11,5.09,0,0,19.1,0,22
33.8122,-84.3748,4543.71,15.28,63.66,8.91,58.57,0,49
33.758,-84.3918,4099.34,129.87,3072.33,85.31,757.58,44.56,93
33.6982,-84.3718,1807.46,0,24.19,0,10.19,0,9
33.6573,-84.369,1745.6,7.64,21.65,0,16.55,0,33
33.8179,-84.4347,2941.03,1.27,0,0,12.73,0,32
33.6927,-84.3548,2674.81,3.82,28.01,0,10.19,0,5
33.8295,-84.3676,2355.35,54.75,196.08,12.73,113.32,15.28,79
33.7231,-84.4309,3531.11,1.27,70.03,0,20.37,7.64,41
33.8001,-84.3243,4860.82,10.19,502.93,12.73,154.06,16.55,53
33.7431,-84.5048,1429.67,1.27,10.19,0,6.37,0,17
33.7546,-84.4484,2673.97,1.27,132.42,14.01,20.37,3.82,25
33.6945,-84.3957,2096.96,1.27,25.46,7.64,15.28,0,12
33.681,-84.3557,1807.46,6.37,38.2,0,0,0,1
33.75,-84.3134,4174.83,25.46,222.82,10.19,30.56,0,69
33.87,-84.3768,3584.71,5.09,10.19,3.82,43.29,0,50
33.6784,-84.387,2890.36,0,8.91,1.27,19.1,0,32
33.7273,-84.3577,5752.0,20.37,287.75,8.91,49.66,31.83,47
33.7685,-84.5097,3562.11,6.37,0,0,15.28,0,31
33.7036,-84.5185,1869.22,1.27,0,0,7.64,0,3
33.8621,-84.4489,989.66,7.64,131.14,20.37,15.28,2.55,20
33.6801,-84.5024,3026.58,3.82,6.37,0,14.01,0,11
33.7487,-84.4169,11975.16,8.91,977.85,25.46,119.68,1.27,66
33.7592,-84.4456,2673.97,2.55,76.39,20.37,26.74,3.82,31
33.6873,-84.4165,2354.36,19.1,12.73,0,39.47,0,46
33.8157,-84.3981,7542.33,0,12.73,20.37,45.84,0,54
33.7028,-84.5335,1693.47,2.55,0,0,10.19,0,9
33.7291,-84.4111,2571.13,24.19,96.77,15.28,50.93,8.91,65
33.8437,-84.4427,989.66,5.09,6.37,0,2.55,0,8
33.842,-84.4125,3366.7,10.19,15.28,0,17.83,0,7
33.7194,-84.4493,2446.78,0,5.09,0,3.82,0,27
33.84,-84.3593,8544.55,3.82,356.51,17.83,67.48,5.09,42
33.7165,-84.3787,1814.43,3.82,140.06,0,35.65,0,31
33.8741,-84.4326,1006.61,6.37,2.55,0,2.55,0,0
33.7311,-84.3987,3929.35,16.55,178.25,1.27,96.77,8.91,45
33.761,-84.4501,2673.97,1.27,19.1,5.09,20.37,0,13
33.7374,-84.3697,7213.33,33.1,832.7,3.82,103.13,22.92,74
33.7028,-84.3977,1708.16,1.27,85.31,7.64,25.46,0,22
33.7395,-84.4349,5667.77,6.37,56.02,15.28,42.02,0,76
33.7829,-84.4826,772.12,3.82,44.56,0,25.46,0,26
33.7089,-84.443,2583.61,0,0,0,21.65,0,27
33.7997,-84.3552,4376.46,5.09,42.02,1.27,17.83,2.55,40
33.811,-84.431,2628.4,2.55,0,0,21.65,1.27,59
33.7103,-84.3701,7058.82,2.55,68.75,0,21.65,0,22
33.7929,-84.4463,1622.89,2.55,58.57,5.09,11.46,0,9
33.7296,-84.536,1693.47,2.55,0,0,3.82,0,2
33.7264,-84.3855,6470.72,7.64,586.96,0,99.31,0,70
33.7808,-84.4419,1622.89,1.27,39.47,1.27,14.01,0,14
33.6815,-84.5076,3026.58,5.09,0,0,8.91,0,24
33.7254,-84.4831,1429.67,1.27,3.82,0,12.73,0,4
33.7188,-84.3632,3225.97,1.27,131.14,0,44.56,1.27,5
33.7733,-84.4208,4404.69,3.82,145.15,11.46,31.83,5.09,49
33.8045,-84.3784,2508.24,2.55,35.65,17.83,44.56,0,38
33.7464,-84.4381,4438.91,0,155.34,24.19,33.1,3.82,46
33.7074,-84.4082,2582.68,3.82,40.74,0,29.28,0,42
33.7717,-84.3747,6882.91,33.1,822.51,8.91,190.99,0,88
33.8565,-84.4557,989.66,0,0,3.82,2.55,0,23
33.7459,-84.4969,4173.21,6.37,2.55,0,7.64,0,9
33.7631,-84.4082,9836.8,0,530.94,52.2,72.57,7.64,63
33.7137,-84.4196,2292.62,3.82,277.57,0,16.55,7.64,38
33.7459,-84.4134,9912.86,16.55,828.88,20.37,136.24,3.82,73
33.6946,-84.5252,1693.47,1.27,0,0,11.46,0,22
33.7591,-84.4017,2672.09,26.74,1189.21,106.95,211.36,15.28,58
33.7134,-84.5302,1869.22,0,0,0,2.55,0,3
33.7054,-84.5326,1693.47,0,0,0,5.09,0,4
33.8372,-84.4173,1948.91,6.37,22.92,0,25.46,0,3
33.8184,-84.4135,3393.29,3.82,50.93,47.11,15.28,0,23
33.8478,-84.3838,5857.63,15.28,59.84,2.55,67.48,0,44
33.7432,-84.4548,1571.23,0,19.1,1.27,3.82,0,1
33.7779,-84.3682,6882.91,25.46,434.17,28.01,286.48,3.82,90
33.7728,-84.3419,3511.04,17.83,339.95,26.74,56.02,7.64,63
33.8037,-84.3217,4397.48,7.64,225.36,0,85.31,10.19,20
33.684,-84.3864,2096.96,0,6.37,6.37,17.83,0,33
33.8729,-84.3966,1643.86,1.27,7.64,1.27,5.09,0,34
33.7356,-84.4353,5667.77,3.82,57.3,12.73,39.47,0,67
33.6802,-84.3687,1745.6,1.27,10.19,1.27,6.37,0,10
33.8269,-84.4254,989.66,2.55,8.91,0,3.82,0,10
33.6639,-84.3732,1745.6,2.55,20.37,0,17.83,0,15
33.8761,-84.397,2278.57,1.27,7.64,0,5.09,0,34
33.7877,-84.4483,1622.89,2.55,71.3,3.82,15.28,0,9
33.7686,-84.3247,6137.65,14.01,240.64,3.82,45.84,0,44
33.8565,-84.4054,1006.61,1.27,0,0,0,0,2
33.8032,-84.3876,4261.19,3.82,95.49,0,82.76,5.09,60
33.7044,-84.4055,2354.36,5.09,39.47,0,40.74,0,32
33.7459,-84.3621,7213.33,67.48,1121.72,35.65,182.07,0,80
33.8452,-84.3635,2355.35,45.84,944.74,19.1,190.99,10.19,74
33.7903,-84.4114,2628.4,26.74,403.62,3.82,115.86,5.09,67
33.754,-84.4442,4113.54,1.27,160.43,28.01,19.1,3.82,39
33.7112,-84.4281,2583.61,2.55,261.01,0,22.92,7.64,24
33.7159,-84.3849,2919.72,5.09,193.53,0,52.2,0,56
33.7429,-84.3852,8500.0,38.2,1327.99,15.28,204.99,21.65,53
33.8165,-84.3773,4521.44,16.55,100.59,1.27,43.29,14.01,57
33.8022,-84.3241,4860.82,8.91,272.47,2.55,103.13,10.19,10
33.733,-84.4301,3531.11,21.65,68.75,24.19,38.2,0,61
33.6717,-84.3931,2890.36,0,1.27,0,15.28,0,28
33.7512,-84.4351,4438.91,0,127.32,49.66,11.46,0,30
33.837,-84.3945,2150.09,1.27,20.37,0,7.64,0,15
33.7581,-84.4909,3562.11,10.19,6.37,0,10.19,0,36
33.7879,-84.4285,1141.57,10.19,42.02,5.09,29.28,0,63
33.7412,-84.5324,869.35,3.82,0,0,11.46,0,4
33.6952,-84.37,1807.46,0,24.19,3.82,17.83,0,6
33.6698,-84.3727,1745.6,0,24.19,0,22.92,0,7
33.7107,-84.4926,1418.5,0,0,0,0,0,3
33.737,-84.513,2605.77,0,19.1,0,5.09,0,11
33.7715,-84.4107,3192.53,15.28,533.49,38.2,106.95,7.64,66
33.7091,-84.4254,2292.62,1.27,264.83,0,24.19,1.27,12
33.7171,-84.4981,1418.5,14.01,0,0,12.73,0,9
33.6623,-84.3529,553.07,0,0,0,2.55,0,1
33.685,-84.3877,2096.96,0,10.19,6.37,17.83,0,15
33.7415,-84.3335,3302.44,11.46,48.38,1.27,12.73,0,34
33.843,-84.4136,3366.7,8.91,15.28,0,21.65,0,5
33.7718,-84.4656,2454.7,2.55,48.38,0,25.46,0,21
33.8518,-84.4589,989.66,0,0,2.55,2.55,0,0
33.6686,-84.4998,3040.94,1.27,0,0,7.64,0,3
33.7247,-84.3531,3225.97,6.37,185.89,10.19,36.92,22.92,62
33.7778,-84.4686,2454.7,1.27,61.12,0,35.65,0,38
33.7574,-84.3582,8761.1,77.67,797.05,62.39,207.54,12.73,82
33.7722,-84.5095,861.17,7.64,0,0,11.46,0,13
33.7465,-84.5327,869.35,0,0,0,0,0,5
33.8661,-84.4152,1006.61,0,0,0,5.09,0,4
33.7719,-84.4465,1682.47,0,17.83,1.27,26.74,0,44
33.7644,-84.4157,2772.94,0,210.08,7.64,39.47,0,65
33.763,-84.5043,3562.11,3.82,0,0,28.01,0,52
33.8663,-84.3581,1987.51,2.55,100.59,0,1.27,0,13
33.7267,-84.3615,3225.97,14.01,283.93,5.09,35.65,24.19,33
33.7476,-84.474,1571.23,3.82,48.38,1.27,30.56,6.37,17
33.6901,-84.4005,2096.96,2.55,0,0,12.73,0,4
33.7157,-84.4631,2396.62,5.09,5.09,1.27,8.91,0,44
33.7371,-84.3675,7213.33,28.01,774.13,3.82,92.95,17.83,69
33.6845,-84.3567,1807.46,1.27,15.28,0,7.64,0,2
33.6999,-84.5377,1693.47,1.27,3.82,2.55,20.37,0,22
33.7507,-84.4734,4173.21,6.37,59.84,1.27,34.38,6.37,25
33.6675,-84.3837,2890.36,0,6.37,0,19.1,0,7
33.847,-84.35,12084.18,3.82,690.1,10.19,26.74,5.09,43
33.7321,-84.3955,3929.35,19.1,301.76,6.37,100.59,8.91,44
33.7647,-84.469,3325.12,1.27,33.1,0,12.73,0,26
33.6966,-84.3617,2674.81,0,22.92,0,15.28,0,11
33.7999,-84.4357,1141.57,5.09,6.37,1.27,30.56,0,39
33.7918,-84.4462,1622.89,2.55,63.66,5.09,12.73,0,9
33.7723,-84.3945,10860.5,68.75,2384.78,70.03,566.59,101.86,72
33.6988,-84.5317,1693.47,2.55,0,0,17.83,0,8
33.7955,-84.4552,1622.89,0,52.2,5.09,5.09,0,6
33.7097,-84.445,2583.61,0,0,0,12.73,0,35
33.7417,-84.3709,7213.33,31.83,1235.04,3.82,156.61,10.19,80
33.8408,-84.391,2150.09,8.91,34.38,0,42.02,0,33
33.7775,-84.4598,2454.7,1.27,14.01,0,31.83,0,37
33.8779,-84.397,2278.57,1.27,7.64,0,6.37,0,32
33.7224,-84.3821,2919.72,2.55,529.67,0,96.77,0,33
33.8406,-84.4124,3366.7,10.19,15.28,0,19.1,0,6
33.7244,-84.4502,2446.78,0,5.09,0,1.27,0,28
33.6807,-84.5133,1242.4,6.37,0,0,7.64,0,11
33.7347,-84.3855,6470.72,14.01,812.33,6.37,119.68,16.55,64
33.7457,-84.3983,11310.34,53.48,1297.43,22.92,304.3,10.19,77
33.7206,-84.4443,2446.78,0,0,0,15.28,0,20
33.7688,-84.3575,6800.56,47.11,678.64,70.03,494.02,12.73,80
33.7652,-84.463,3325.12,1.27,35.65,1.27,16.55,0,10
33.7948,-84.3634,4082.49,16.55,142.6,8.91,67.48,0,63
33.6579,-84.5197,3040.94,12.73,1.27,0,20.37,0,12
33.8719,-84.3739,3584.71,6.37,16.55,0,42.02,0,51
33.7107,-84.5156,1869.22,1.27,0,0,1.27,0,4
33.8259,-84.3764,4521.44,25.46,119.68,0,59.84,14.01,40
33.8747,-84.4413,1006.61,1.27,78.94,11.46,5.09,0,1
33.7481,-84.3886,6117.32,70.03,2056.28,33.1,383.25,33.1,87
33.7545,-84.3342,6740.65,10.19,229.18,14.01,59.84,2.55,57
33.7289,-84.407,4448.28,10.19,122.23,7.64,77.67,8.91,53
33.7753,-84.4592,2454.7,1.27,14.01,0,30.56,0,37
33.7131,-84.4863,2772.62,1.27,0,0,10.19,0,3
33.8654,-84.433,1006.61,7.64,12.73,0,3.82,0,4
33.7333,-84.4338,3531.11,12.73,56.02,10.19,40.74,0,64
33.7736,-84.3804,26514.85,92.95,2069.01,17.83,506.75,31.83,91
33.7839,-84.383,36226.42,58.57,1159.92,29.28,432.9,44.56,94
33.8037,-84.4761,2284.57,3.82,5.09,0,25.46,0,35
33.7417,-84.4911,1429.67,0,6.37,0,3.82,0,18
33.8039,-84.3981,13297.49,2.55,68.75,16.55,73.85,5.09,68
33.7056,-84.3649,4575.0,0,35.65,0,17.83,0,14
33.8234,-84.4169,1948.91,1.27,49.66,1.27,8.91,0,7
33.7186,-84.3574,3225.97,7.64,184.62,8.91,40.74,17.83,38
33.8331,-84.4331,989.66,2.55,7.64,0,7.64,0,3
33.7307,-84.4022,4448.28,14.01,187.17,0,99.31,8.91,50
33.7444,-84.4118,9912.86,31.83,989.31,21.65,175.71,7.64,77
33.7527,-84.4318,4438.91,0,129.87,50.93,20.37,0,31
33.7199,-84.5201,1869.22,2.55,0,0,14.01,0,14
33.6955,-84.3511,2674.81,3.82,26.74,0,14.01,1.27,10
33.745,-84.488,1429.67,1.27,8.91,0,6.37,0,33
33.725,-84.4343,3531.11,0,8.91,0,19.1,0,18
33.8053,-84.4688,2284.57,3.82,19.1,0,35.65,1.27,37
33.7218,-84.4273,3545.08,1.27,78.94,1.27,20.37,7.64,55
33.7531,-84.4526,2673.97,1.27,95.49,6.37,16.55,3.82,21
33.7593,-84.4351,4113.54,1.27,99.31,26.74,20.37,0,29
33.8101,-84.4744,1773.01,5.09,7.64,0,36.92,0,44
33.7621,-84.4199,5295.02,0,201.17,16.55,47.11,3.82,68
33.7932,-84.3264,4860.82,15.28,747.39,26.74,243.19,22.92,50
33.8772,-84.3487,1987.51,2.55,337.41,0,2.55,0,20
33.7418,-84.4689,1571.23,1.27,6.37,2.55,5.09,0,15
33.7451,-84.4421,1571.23,1.27,133.69,12.73,24.19,0,48
33.7708,-84.3349,6137.65,12.73,367.97,14.01,73.85,0,54
33.849,-84.445,989.66,3.82,1.27,0,6.37,0,1
33.8727,-84.3829,1643.86,15.28,39.47,3.82,58.57,0,29
33.7091,-84.5272,1869.22,0,0,0,2.55,0,5
33.721,-84.3298,3873.24,1.27,5.09,0,8.91,0,31
33.7854,-84.3747,3169.72,31.83,709.19,21.65,268.65,1.27,83
33.733,-84.3807,6470.72,19.1,1092.44,6.37,160.43,30.56,64
33.7321,-84.3544,5752.0,16.55,295.39,11.46,31.83,12.73,50
33.8592,-84.429,1006.61,2.55,6.37,0,3.82,0,0
33.8342,-84.3618,2355.35,25.46,296.66,5.09,58.57,0,54
33.6815,-84.3772,1745.6,0,1.27,5.09,6.37,0,25
33.78,-84.486,3285.9,10.19,15.28,0,14.01,0,20
33.7656,-84.3682,8923.08,25.46,729.57,53.48,220.27,0,83
33.7924,-84.503,861.17,8.91,0,0,6.37,0,15
33.8252,-84.4452,2941.03,5.09,64.94,3.82,8.91,0,28
33.8143,-84.3765,7514.79,7.64,50.93,6.37,39.47,5.09,47
33.6551,-84.3844,553.07,1.27,3.82,0,16.55,0,18
33.6984,-84.3709,1807.46,0,24.19,0,10.19,0,9
33.812,-84.373,4543.71,19.1,82.76,8.91,72.57,0,58
33.8022,-84.3398,5115.38,5.09,68.75,0,39.47,0,54
33.6951,-84.5101,2181.92,2.55,0,0,28.01,0,47
33.7768,-84.3768,17129.53,50.93,1168.83,28.01,409.98,2.55,85
33.7652,-84.3245,6137.65,10.19,193.53,8.91,19.1,0,59
33.7131,-84.4257,2292.62,3.82,315.76,0,15.28,7.64,31
33.8341,-84.4462,989.66,5.09,1.27,0,3.82,0,1
33.8008,-84.3699,4082.49,11.46,110.77,16.55,78.94,0,82
33.7451,-84.4756,1571.23,2.55,29.28,1.27,10.19,0,17
33.7691,-84.4829,3285.9,0,0,0,5.09,0,6
33.863,-84.4393,989.66,6.37,78.94,0,14.01,2.55,11
33.6583,-84.3614,553.07,3.82,6.37,0,7.64,0,11
33.6491,-84.3532,553.07,0,0,0,6.37,0,2
33.8398,-84.3624,2355.35,24.19,379.43,17.83,94.22,5.09,64
33.7592,-84.3754,30929.13,42.02,996.95,22.92,332.32,14.01,87
33.7992,-84.3588,4376.46,6.37,68.75,1.27,33.1,3.82,33
33.8696,-84.4432,1006.61,7.64,166.79,17.83,16.55,2.55,3
33.6796,-84.3535,553.07,5.09,30.56,0,2.55,0,1
33.783,-84.4166,4404.69,7.64,257.19,6.37,127.32,0,73
33.7957,-84.3759,2508.24,12.73,276.29,17.83,91.67,0,55
33.7527,-84.4948,6153.97,10.19,6.37,0,22.92,0,56
33.7814,-84.3766,6882.91,42.02,901.45,24.19,350.14,3.82,89
33.6591,-84.3777,553.07,2.55,20.37,0,15.28,0,20
33.715,-84.4787,2772.62,1.27,0,1.27,7.64,0,4
33.8412,-84.4222,3366.7,14.01,64.94,0,56.02,0,36
33.6704,-84.5066,3040.94,1.27,3.82,0,3.82,0,8
33.7166,-84.3919,7316.74,3.82,120.96,1.27,56.02,0,38
33.7829,-84.4425,1622.89,2.55,40.74,1.27,11.46,0,9
33.6996,-84.3573,2674.81,3.82,70.03,0,28.01,1.27,18
33.8238,-84.3588,7703.86,71.3,389.61,14.01,140.06,10.19,50
33.8451,-84.3787,9435.33,38.2,145.15,12.73,166.79,0,81
33.7328,-84.3732,4828.07,26.74,946.02,2.55,131.14,26.74,65
33.758,-84.3435,5447.0,49.66,584.42,6.37,143.88,16.55,46
33.871,-84.404,1643.86,2.55,3.82,0,10.19,0,15
33.7338,-84.5345,1693.47,2.55,0,0,12.73,0,3
33.7022,-84.4572,2583.61,0,40.74,0,5.09,0,60
33.7278,-84.4463,2446.78,1.27,5.09,0,14.01,0,31
33.7986,-84.5024,772.12,1.27,24.19,2.55,7.64,0,11
33.864,-84.4409,1006.61,6.37,122.23,0,14.01,2.55,13
33.7092,-84.5252,1869.22,0,0,0,2.55,0,4
33.699,-84.4126,2354.36,11.46,12.73,0,25.46,0,60
33.7717,-84.4765,3285.9,1.27,57.3,0,24.19,0,12
33.7955,-84.399,2628.4,26.74,238.1,0,85.31,12.73,64
33.7108,-84.3931,7316.74,0,40.74,0,28.01,0,41
33.8585,-84.411,1006.61,1.27,0,0,0,0,1
33.8073,-84.4946,772.12,2.55,17.83,2.55,3.82,0,9
33.7567,-84.3701,8894.93,43.29,982.94,40.74,311.94,12.73,95
33.8216,-84.3958,2150.09,6.37,1.27,5.09,22.92,6.37,53
33.8498,-84.4105,1006.61,2.55,0,0,1.27,0,5
33.744,-84.504,1429.67,1.27,6.37,0,6.37,0,11
33.7676,-84.4259,4113.54,3.82,78.94,7.64,21.65,5.09,17
33.8218,-84.4672,1773.01,0,6.37,5.09,6.37,0,18
33.8144,-84.3909,7514.79,1.27,11.46,7.64,56.02,3.82,83
33.8022,-84.4268,2628.4,1.27,17.83,1.27,25.46,0,51
33.7737,-84.4916,1940.62,2.55,0,0,6.37,0,9
33.739,-84.4699,1571.23,0,0,2.55,1.27,0,2
33.7747,-84.3703,6882.91,22.92,639.17,38.2,253.37,2.55,93
33.6912,-84.5097,2181.92,3.82,0,0,28.01,0,49
33.7508,-84.3973,6117.32,82.76,2164.51,86.58,473.65,33.1,87
33.6991,-84.3623,2674.81,0,42.02,0,17.83,0,7
33.7806,-84.3558,9726.09,14.01,199.9,0,1268.15,6.37,83
33.7577,-84.3197,5370.3,15.28,188.44,8.91,35.65,3.82,63
33.7646,-84.4066,3192.53,0,469.83,43.29,77.67,1.27,61
33.8657,-84.4511,1006.61,10.19,182.07,43.29,40.74,2.55,42
33.7502,-84.3225,5886.64,25.46,92.95,6.37,44.56,0,80
33.7282,-84.3607,5752.0,17.83,320.86,5.09,40.74,26.74,39
33.7824,-84.3791,36226.42,49.66,1159.92,25.46,381.97,31.83,94
33.6896,-84.3795,2096.96,0,22.92,14.01,7.64,0,8
33.7712,-84.4236,2772.94,3.82,70.03,12.73,17.83,5.09,41
33.8124,-84.4415,1141.57,3.82,43.29,0,21.65,0,46
33.671,-84.3944,2890.36,0,0,0,14.01,0,21
33.7352,-84.3523,5752.0,15.28,519.48,12.73,106.95,0,62
33.8563,-84.4244,1006.61,6.37,33.1,0,21.65,0,13
33.8145,-84.3996,7542.33,2.55,156.61,43.29,47.11,0,57
33.7157,-84.4402,2446.78,0,0,0,12.73,0,29
33.8006,-84.4033,7918.16,6.37,62.39,11.46,33.1,3.82,16
33.7706,-84.3495,6800.56,34.38,508.02,28.01,665.9,11.46,89
33.7293,-84.4391,3531.11,0,6.37,0,16.55,0,46
33.6987,-84.3868,2096.96,1.27,31.83,16.55,19.1,0,22
33.7716,-84.4106,3192.53,16.55,770.31,36.92,110.77,7.64,66
33.8535,-84.4554,989.66,0,0,3.82,2.55,0,1
33.787,-84.3988,14311.38,50.93,1378.92,7.64,203.72,12.73,87
33.6893,-84.3707,1807.46,1.27,22.92,5.09,15.28,0,6
33.7309,-84.4579,2446.78,1.27,0,1.27,8.91,0,18
33.8489,-84.3598,2355.35,31.83,1331.81,20.37,189.71,10.19,88
33.7438,-84.3347,3302.44,10.19,59.84,3.82,15.28,0,52
33.7094,-84.3968,9473.84,0,54.75,0,34.38,0,27
33.8622,-84.367,1987.51,0,206.26,3.82,10.19,0,23
33.8554,-84.3829,1643.86,11.46,40.74,2.55,42.02,0,75
33.7876,-84.452,1682.47,2.55,50.93,3.82,16.55,0,15
33.7346,-84.5199,869.35,0,0,0,15.28,0,5
33.8581,-84.4157,1006.61,0,0,0,0,0,1
33.7412,-84.3956,3929.35,47.11,811.05,6.37,164.25,16.55,61
33.7364,-84.445,5667.77,0,5.09,0,20.37,0,35
33.688,-84.505,3026.58,6.37,0,0,24.19,0,44
33.6908,-84.3593,2674.81,1.27,5.09,0,12.73,0,7
33.6596,-84.3913,2890.36,5.09,7.64,2.55,24.19,0,26
33.7703,-84.4888,1940.62,0,0,0,5.09,0,7
33.8417,-84.4348,989.66,8.91,75.12,0,45.84,0,1
33.782,-84.4186,4404.69,6.37,254.65,14.01,112.05,0,69
33.7991,-84.4013,7918.16,7.64,95.49,6.37,57.3,7.64,30
33.7112,-84.4137,2582.68,6.37,187.17,0,30.56,0,23
33.7706,-84.4164,3192.53,6.37,538.58,12.73,39.47,0,63
33.7547,-84.5108,2605.77,1.27,0,0,21.65,0,11
33.8143,-84.458,1141.57,5.09,85.31,14.01,15.28,0,29
33.7369,-84.4543,1571.23,1.27,1.27,1.27,0,0,9
33.7952,-84.4581,2284.57,0,26.74,5.09,6.37,0,4
33.7675,-84.3591,6800.56,38.2,742.3,62.39,347.59,3.82,81
33.8597,-84.401,1643.86,2.55,0,0,0,0,5
33.7475,-84.4998,1429.67,10.19,0,0,12.73,0,2
33.6889,-84.4869,3195.2,6.37,33.1,0,11.46,0,51
33.8377,-84.3683,2355.35,34.38,72.57,15.28,92.95,0,84
33.8258,-84.4686,1773.01,1.27,1.27,2.55,3.82,0,1
33.7463,-84.3732,7213.33,28.01,1339.45,5.09,170.61,6.37,91
33.8083,-84.4295,2628.4,3.82,20.37,1.27,31.83,1.27,40
33.6683,-84.4998,3040.94,1.27,0,0,7.64,0,3
33.6929,-84.4886,3195.2,7.64,40.74,0,14.01,0,55
33.7705,-84.471,2454.7,2.55,84.03,0,33.1,0,46
33.8221,-84.4551,7230.94,8.91,128.6,21.65,19.1,0,59
33.6746,-84.5192,1242.4,1.27,2.55,0,2.55,0,2
33.7155,-84.3827,2919.72,2.55,193.53,0,49.66,0,52
33.7338,-84.4785,1429.67,0,0,1.27,0,0,2
33.7355,-84.466,1571.23,0,0,2.55,1.27,0,4
33.7393,-84.428,3993.84,29.28,123.5,25.46,47.11,0,76
33.7859,-84.4327,1622.89,7.64,58.57,6.37,25.46,0,42
33.7199,-84.5141,1869.22,12.73,0,0,33.1,0,17
33.7502,-84.3078,4174.83,20.37,348.87,8.91,19.1,0,51
33.8235,-84.4207,1948.91,1.27,49.66,1.27,2.55,0,4
33.6626,-84.3955,2890.36,2.55,1.27,1.27,14.01,0,29
33.6757,-84.3808,1745.6,0,17.83,1.27,22.92,0,22
33.8522,-84.4567,989.66,0,0,3.82,1.27,0,0
33.8174,-84.3993,2150.09,3.82,124.78,63.66,33.1,0,40
33.7954,-84.3532,4376.46,5.09,276.29,1.27,26.74,3.82,64
33.8198,-84.4246,7802.82,1.27,19.1,1.27,6.37,1.27,26
33.8158,-84.3957,7542.33,2.55,52.2,20.37,48.38,6.37,70
33.6978,-84.3965,2096.96,1.27,49.66,7.64,20.37,0,20
33.7382,-84.3834,7496.5,15.28,886.17,6.37,141.33,17.83,66
33.7427,-84.4455,5667.77,0,22.92,7.64,12.73,0,25
33.7853,-84.3695,6513.03,20.37,460.91,11.46,180.8,1.27,80
33.7475,-84.4353,4438.91,0,128.6,36.92,24.19,0,54
33.6548,-84.3662,553.07,7.64,21.65,0,20.37,0,30
33.6995,-84.4722,8466.82,2.55,0,0,14.01,0,24
33.7813,-84.4754,2454.7,2.55,71.3,0,35.65,0,42
33.6683,-84.3845,2890.36,0,6.37,0,14.01,0,9
33.7191,-84.4393,2446.78,0,0,0,12.73,0,20
33.8015,-84.396,13297.49,7.64,160.43,11.46,89.13,7.64,67
33.7423,-84.3559,5752.0,48.38,780.5,33.1,165.52,0,82
33.7837,-84.4415,1622.89,2.55,43.29,1.27,3.82,0,10
33.8344,-84.373,6038.02,40.74,44.56,6.37,132.42,0,80
33.7642,-84.5078,3562.11,3.82,0,0,26.74,0,56
33.8097,-84.4437,1141.57,3.82,24.19,1.27,17.83,0,26
33.8523,-84.4206,1006.61,5.09,10.19,0,30.56,0,32
33.6511,-84.3858,553.07,7.64,21.65,0,15.28,0,19
33.8009,-84.4682,2284.57,1.27,10.19,0,20.37,1.27,6
33.7779,-84.4447,1682.47,0,49.66,1.27,29.28,0,35
33.7032,-84.3854,1708.16,0,28.01,11.46,33.1,0,34
33.8819,-84.4011,2278.57,3.82,3.82,0,3.82,0,15
33.6791,-84.5048,3026.58,6.37,0,0,15.28,0,15
33.6805,-84.3864,2890.36,0,6.37,2.55,16.55,0,41
33.7852,-84.4447,1622.89,2.55,47.11,3.82,11.46,0,7
33.6982,-84.503,2181.92,1.27,0,0,14.01,0,9
33.748,-84.3168,5370.3,28.01,129.87,10.19,47.11,0,53
33.7769,-84.3722,17129.53,34.38,614.97,34.38,285.21,3.82,88
33.7313,-84.3448,3202.65,5.09,155.34,11.46,24.19,10.19,63
33.7147,-84.4146,2582.68,5.09,189.71,3.82,36.92,0,39
33.7681,-84.4144,3192.53,5.09,667.18,20.37,56.02,0,56
33.7231,-84.5261,1869.22,0,0,0,8.91,0,6
33.8716,-84.3586,1987.51,2.55,119.68,0,1.27,0,7
33.7896,-84.5107,861.17,7.64,7.64,0,3.82,0,1
33.7451,-84.412,9912.86,34.38,1082.25,21.65,166.79,6.37,70
33.7311,-84.3317,3873.24,0,2.55,1.27,5.09,0,28
33.8275,-84.4096,1948.91,5.09,45.84,38.2,15.28,0,6
33.6848,-84.4989,3195.2,5.09,11.46,0,19.1,0,35
33.8242,-84.4196,1948.91,3.82,56.02,1.27,2.55,0,4
33.8066,-84.3878,4261.19,1.27,52.2,2.55,72.57,1.27,69
33.7966,-84.3749,2508.24,14.01,215.18,17.83,81.49,0,71
33.786,-84.4612,2454.7,0,12.73,0,15.28,0,17
33.7374,-84.4617,2446.78,1.27,0,2.55,1.27,0,4
33.6709,-84.5051,3040.94,1.27,0,0,7.64,0,4
33.6775,-84.3694,1745.6,0,28.01,1.27,15.28,0,7
33.7498,-84.3099,4174.83,19.1,319.58,8.91,17.83,0,56
33.8378,-84.4092,1948.91,5.09,15.28,0,19.1,0,2
33.6826,-84.4161,3388.64,17.83,49.66,0,43.29,0,70
33.8389,-84.4463,989.66,6.37,1.27,0,1.27,0,1
33.8535,-84.4091,1006.61,2.55,0,0,1.27,0,3
33.727,-84.4553,2446.78,2.55,5.09,0,12.73,0,8
33.7434,-84.3609,7213.33,54.75,960.02,25.46,155.34,0,81
33.7269,-84.4962,1429.67,11.46,31.83,0,21.65,0,6
33.8103,-84.4297,2628.4,1.27,15.28,0,22.92,1.27,49
33.8517,-84.3939,1643.86,3.82,6.37,0,2.55,0,2
33.8635,-84.3876,1643.86,5.09,0,1.27,34.38,0,39
33.803,-84.4309,2628.4,2.55,16.55,1.27,24.19,0,47
33.7701,-84.4512,1682.47,1.27,15.28,0,30.56,0,36
33.7679,-84.3576,6800.56,47.11,719.38,71.3,402.34,11.46,80
33.8513,-84.4241,1006.61,16.55,106.95,0,50.93,0,48
33.7932,-84.458,2284.57,0,28.01,5.09,10.19,0,5
33.8306,-84.3813,6038.02,10.19,28.01,0,96.77,0,71
33.6589,-84.5253,1242.4,5.09,0,0,0,0,17
33.7796,-84.46,2454.7,1.27,14.01,0,33.1,0,13
33.7954,-84.4284,2628.4,12.73,118.41,2.55,29.28,0,55
33.7332,-84.4791,1429.67,0,0,0,3.82,0,2
33.8677,-84.4262,1006.61,3.82,0,0,1.27,0,2
33.8303,-84.439,989.66,0,14.01,0,5.09,0,3
33.8676,-84.3902,1643.86,1.27,3.82,1.27,15.28,0,12
33.7922,-84.346,5115.38,3.82,243.19,1.27,28.01,5.09,50
33.7348,-84.5117,2605.77,0,31.83,0,7.64,0,22
33.8005,-84.4372,1141.57,5.09,1.27,1.27,26.74,0,39
33.8599,-84.4467,989.66,8.91,109.5,16.55,17.83,2.55,4
33.7507,-84.5001,6153.97,10.19,0,0,28.01,0,38
33.7071,-84.465,2396.62,1.27,21.65,0,3.82,0,48
33.7191,-84.4911,1418.5,1.27,0,0,8.91,0,17
33.7576,-84.318,5370.3,17.83,185.89,8.91,43.29,3.82,56
33.8473,-84.3838,5857.63,17.83,62.39,6.37,67.48,0,44
33.6874,-84.5043,3026.58,6.37,0,0,22.92,0,36
33.7902,-84.4226,2628.4,6.37,234.28,5.09,30.56,0,55
33.6785,-84.3907,2890.36,1.27,36.92,0,17.83,0,30
33.7271,-84.3629,3225.97,16.55,313.22,0,39.47,21.65,41
33.7568,-84.5219,869.35,0,0,0,11.46,0,10
33.7302,-84.4215,3682.38,38.2,365.42,26.74,33.1,8.91,66
33.759,-84.5191,869.35,1.27,0,0,12.73,0,25
33.8761,-84.4039,2278.57,3.82,3.82,0,16.55,0,24
33.8768,-84.3884,1643.86,14.01,38.2,1.27,36.92,0,52
33.6676,-84.3512,553.07,0,0,0,0,0,2
33.6964,-84.482,3195.2,7.64,40.74,0,21.65,0,43
33.7802,-84.3944,10860.5,72.57,2565.58,72.57,528.39,85.31,76
33.8647,-84.4333,1006.61,7.64,12.73,0,3.82,0,6
33.7154,-84.4477,2446.78,0,5.09,0,11.46,0,25
33.7333,-84.4215,3682.38,49.66,397.25,26.74,62.39,8.91,78
33.7537,-84.531,869.35,2.55,0,0,7.64,0,1
33.8096,-84.4023,13297.49,2.55,196.08,35.65,48.38,0,54
33.7973,-84.4459,1141.57,1.27,56.02,2.55,15.28,0,10
33.7141,-84.5243,1869.22,0,0,0,3.82,0,2
33.8194,-84.4508,7230.94,8.91,143.88,21.65,15.28,0,69
33.7554,-84.3862,4099.34,128.6,2915.72,73.85,744.85,49.66,94
33.7178,-84.479,2772.62,1.27,0,1.27,8.91,0,7
33.8253,-84.4171,1948.91,1.27,49.66,1.27,8.91,0,10
33.8294,-84.3763,6038.02,26.74,95.49,0,80.21,11.46,56
33.7415,-84.4816,4173.21,1.27,8.91,1.27,10.19,0,4
33.7334,-84.4644,2446.78,0,0,2.55,5.09,0,3
33.8022,-84.3502,4376.46,1.27,227.91,1.27,6.37,0,29
33.7934,-84.355,4376.46,8.91,266.11,1.27,236.82,3.82,66
33.7247,-84.4455,3531.11,0,5.09,0,7.64,0,30
33.7552,-84.4277,5295.02,0,134.96,24.19,26.74,1.27,36
33.8365,-84.4018,2150.09,1.27,0,0,11.46,0,7
33.7317,-84.4803,1429.67,0,2.55,0,1.27,0,3
33.7653,-84.4187,2772.94,0,525.85,2.55,35.65,0,65
33.8243,-84.4151,3393.29,5.09,71.3,42.02,12.73,0,9
33.8121,-84.3616,4804.18,28.01,104.41,3.82,89.13,3.82,65
33.7623,-84.4664,3325.12,3.82,43.29,0,16.55,0,14
33.7527,-84.4582,2673.97,1.27,14.01,1.27,21.65,0,11
33.7139,-84.3713,1814.43,2.55,118.41,0,24.19,1.27,40
33.7139,-84.437,2396.62,0,21.65,0,17.83,0,35
33.8674,-84.3596,1987.51,1.27,118.41,2.55,2.55,0,11
33.7106,-84.4475,2396.62,0,0,0,10.19,0,45
33.7263,-84.3189,3523.47,5.09,12.73,0,8.91,0,41
33.825,-84.3566,19089.29,47.11,408.71,17.83,117.14,7.64,48
33.7107,-84.5244,1869.22,0,0,0,1.27,0,3
33.7245,-84.4805,1429.67,1.27,0,1.27,8.91,0,9
33.8062,-84.3844,7514.79,1.27,35.65,7.64,33.1,5.09,48
33.6978,-84.4642,8466.82,1.27,19.1,0,7.64,0,13
33.8203,-84.4282,7802.82,0,0,0,6.37,1.27,27
33.7889,-84.4984,861.17,22.92,24.19,0,15.28,0,30
33.8559,-84.4028,1643.86,1.27,0,0,0,0,1
33.8036,-84.3516,4376.46,6.37,206.26,0,8.91,0,21
33.8333,-84.3847,13198.47,16.55,42.02,8.91,126.05,0,86
33.7082,-84.5162,1869.22,1.27,0,0,1.27,0,5
33.8577,-84.4248,1006.61,5.09,20.37,0,10.19,0,3
33.7083,-84.4655,2396.62,1.27,21.65,0,2.55,0,20
33.7707,-84.3852,6890.58,104.41,2524.83,40.74,636.62,57.3,91
33.7738,-84.5103,861.17,6.37,0,0,11.46,0,12
33.8709,-84.4355,1006.61,6.37,36.92,0,3.82,0,1
33.7804,-84.4093,11479.8,34.38,1283.43,30.56,257.19,20.37,90
33.8002,-84.4128,7918.16,16.55,334.86,0,66.21,2.55,76
33.8639,-84.4063,1006.61,1.27,0,0,1.27,0,10
33.7585,-84.3304,6740.65,12.73,283.93,14.01,76.39,1.27,75
33.7791,-84.4704,2454.7,1.27,59.84,0,36.92,0,40
33.7472,-84.4016,9912.86,49.66,1273.24,20.37,289.03,10.19,88
33.7847,-84.3957,13642.66,70.03,1815.64,30.56,248.28,50.93,77
33.6972,-84.3556,2674.81,6.37,59.84,0,26.74,1.27,17
33.7603,-84.4507,3325.12,1.27,24.19,2.55,21.65,3.82,13
33.7278,-84.4616,2446.78,5.09,5.09,2.55,14.01,0,47
33.6654,-84.5249,1242.4,2.55,0,0,0,0,1
33.7119,-84.3763,1814.43,2.55,104.41,0,36.92,1.27,31
33.706,-84.4235,2292.62,7.64,259.74,0,14.01,5.09,22
33.7389,-84.5281,869.35,2.55,0,0,11.46,0,4
33.704,-84.3963,1708.16,1.27,76.39,7.64,31.83,0,16
33.7261,-84.5327,1869.22,0,0,0,5.09,0,5
33.7879,-84.5128,861.17,3.82,12.73,0,5.09,0,0
33.6915,-84.3758,2096.96,0,22.92,16.55,8.91,0,5
33.7056,-84.505,2181.92,1.27,0,0,3.82,0,5
33.6743,-84.3698,1745.6,0,28.01,1.27,16.55,0,6
33.8333,-84.456,989.66,5.09,0,1.27,2.55,0,1
33.8066,-84.3915,4261.19,1.27,86.58,7.64,72.57,1.27,77
33.6988,-84.4133,2354.36,12.73,12.73,0,22.92,0,56
33.8207,-84.4706,1773.01,0,1.27,1.27,5.09,0,11
33.8086,-84.4059,5526.18,10.19,431.63,33.1,71.3,0,51
33.7587,-84.5094,2605.77,2.55,0,0,28.01,0,49
33.7954,-84.3746,2508.24,15.28,259.74,17.83,92.95,0,68
33.729,-84.3611,5752.0,22.92,371.79,5.09,43.29,24.19,29
33.8641,-84.3543,3245.64,0,202.45,0,6.37,0,24
33.7682,-84.4362,1682.47,1.27,59.84,5.09,22.92,5.09,40
33.7361,-84.4695,2446.78,0,0,2.55,1.27,0,5
33.8014,-84.4389,1141.57,5.09,1.27,0,17.83,0,22
33.7564,-84.3467,5447.0,71.3,690.1,16.55,124.78,21.65,82
33.7497,-84.3679,7094.2,40.74,1334.36,22.92,286.48,11.46,88
33.6991,-84.5153,2181.92,1.27,0,0,14.01,0,11
33.8054,-84.4496,1141.57,0,21.65,2.55,8.91,0,9
33.8,-84.4944,772.12,3.82,10.19,2.55,5.09,0,20
33.8704,-84.3856,1643.86,5.09,10.19,1.27,47.11,0,31
33.8031,-84.4186,5680.0,12.73,491.47,0,92.95,0,74
33.8087,-84.4899,2284.57,2.55,14.01,0,0,0,9
33.8028,-84.4794,2284.57,6.37,12.73,0,17.83,0,14
33.7012,-84.3834,2096.96,0,17.83,12.73,24.19,0,25
33.8328,-84.4329,989.66,2.55,8.91,0,6.37,0,3
33.7236,-84.3693,1814.43,11.46,370.51,1.27,59.84,15.28,39
33.6819,-84.4918,3195.2,2.55,11.46,0,11.46,0,39
33.7845,-84.3538,4376.46,3.82,112.05,0,933.28,0,76
33.8424,-84.4179,3366.7,8.91,49.66,0,31.83,0,6
33.7883,-84.3571,6513.03,10.19,203.72,0,583.14,3.82,66
33.7145,-84.5043,2181.92,2.55,0,0,0,0,10
33.715,-84.5325,1869.22,0,0,0,2.55,0,6
33.7193,-84.3893,2919.72,5.09,642.99,1.27,70.03,0,41
33.6739,-84.39,2890.36,1.27,24.19,0,15.28,0,18
33.8157,-84.4278,7802.82,1.27,38.2,0,12.73,1.27,40
33.7763,-84.4542,2454.7,1.27,14.01,1.27,35.65,0,45
33.8199,-84.4386,2941.03,2.55,84.03,0,11.46,0,20
33.826,-84.3518,5170.73,22.92,473.65,3.82,38.2,3.82,50
33.7822,-84.4738,2454.7,2.55,71.3,0,34.38,0,43
33.7525,-84.367,8761.1,53.48,1429.85,25.46,345.05,8.91,91
33.7857,-84.3741,3169.72,29.28,653.17,20.37,245.74,1.27,71
33.8295,-84.3522,5170.73,14.01,630.25,6.37,14.01,2.55,42
33.7841,-84.4881,3285.9,15.28,24.19,0,19.1,0,38
33.7481,-84.3069,4174.83,21.65,300.48,8.91,16.55,0,53
33.694,-84.5398,1553.91,1.27,3.82,2.55,11.46,0,25
33.715,-84.5018,2181.92,2.55,0,0,1.27,0,8
33.7313,-84.4202,3682.38,56.02,598.42,28.01,50.93,11.46,77
33.6881,-84.375,1807.46,0,24.19,14.01,8.91,0,13
33.8242,-84.4685,1773.01,1.27,3.82,2.55,5.09,0,1
33.8387,-84.4272,1948.91,6.37,103.13,0,42.02,0,33
33.7809,-84.4506,1682.47,2.55,20.37,1.27,35.65,0,35
33.7045,-84.393,1708.16,1.27,212.63,8.91,25.46,0,16
33.6919,-84.5416,1553.91,1.27,0,2.55,8.91,0,19
33.7716,-84.3924,10860.5,85.31,3036.68,63.66,685.0,96.77,78
33.8108,-84.3902,7514.79,0,375.61,7.64,64.94,0,70
33.7516,-84.5266,2605.77,1.27,0,0,6.37,0,4
33.7927,-84.4223,2628.4,7.64,290.3,5.09,43.29,0,53
33.8379,-84.4255,1948.91,8.91,109.5,0,42.02,0,35
33.7277,-84.3249,3873.24,2.55,2.55,0,7.64,0,40
33.6805,-84.5138,1242.4,6.37,0,0,7.64,0,20
33.8422,-84.3736,13630.77,53.48,219.0,10.19,227.91,5.09,93
33.7527,-84.488,6153.97,10.19,6.37,0,3.82,0,46
33.7063,-84.5194,1869.22,1.27,0,0,0,0,3
33.8471,-84.4486,989.66,5.09,0,0,1.27,0,2
33.6541,-84.374,553.07,7.64,28.01,0,21.65,0,22
33.6814,-84.5172,1242.4,3.82,0,0,3.82,0,14
33.8721,-84.4183,1006.61,2.55,0,0,12.73,0,7
33.8257,-84.3711,4521.44,71.3,417.62,11.46,123.5,17.83,76
33.7095,-84.5125,1869.22,1.27,0,0,2.55,0,6
33.726,-84.3729,4828.07,14.01,530.94,1.27,77.67,14.01,59
33.7381,-84.4101,2571.13,54.75,1107.72,19.1,108.23,16.55,84
33.7809,-84.357,9726.09,12.73,266.11,2.55,1257.96,5.09,72
33.7358,-84.4431,5667.77,0,7.64,0,24.19,0,49
33.7348,-84.3756,4828.07,28.01,1019.86,2.55,124.78,28.01,71
33.696,-84.4054,2354.36,2.55,273.75,0,26.74,0,14
33.808,-84.4316,2628.4,5.09,7.64,1.27,29.28,1.27,45
33.6985,-84.4999,2181.92,1.27,0,0,5.09,0,16
33.695,-84.5263,1693.47,1.27,0,0,11.46,0,23
33.7499,-84.5344,869.35,1.27,0,0,1.27,0,5
33.6922,-84.3956,2096.96,1.27,90.4,7.64,10.19,0,4
33.7034,-84.4236,2292.62,14.01,486.38,0,17.83,5.09,25
33.8786,-84.3992,2278.57,1.27,7.64,0,6.37,0,26
33.71,-84.5285,1869.22,0,0,0,3.82,0,5
33.7903,-84.3619,6513.03,14.01,371.79,8.91,381.97,1.27,59
33.7673,-84.3437,6941.18,25.46,900.18,28.01,150.24,16.55,59
33.7175,-84.3653,3225.97,2.55,122.23,0,30.56,1.27,43
33.7853,-84.4782,772.12,1.27,20.37,0,15.28,0,14
33.8009,-84.3482,5115.38,1.27,403.62,1.27,8.91,0,34
33.8395,-84.4599,989.66,0,0,0,1.27,0,4
33.8713,-84.4374,1006.61,6.37,58.57,0,3.82,1.27,2
33.6662,-84.3706,1745.6,2.55,34.38,0,20.37,0,5
33.7508,-84.4772,4173.21,5.09,36.92,1.27,26.74,6.37,38
33.7057,-84.4433,2583.61,0,3.82,0,7.64,0,22
33.663,-84.5225,1242.4,5.09,5.09,0,3.82,0,6
33.7475,-84.3942,6117.32,72.57,1973.52,45.84,384.52,25.46,86
33.7946,-84.4911,772.12,6.37,14.01,0,12.73,0,20
33.7631,-84.4902,3562.11,0,0,0,2.55,0,4
33.7596,-84.4851,3562.11,2.55,0,0,1.27,0,16
33.7997,-84.4051,7918.16,10.19,239.37,8.91,53.48,2.55,45
33.763,-84.3215,6137.65,3.82,114.59,6.37,6.37,6.37,53
33.8501,-84.4541,989.66,1.27,0,0,1.27,0,0
33.822,-84.3554,4804.18,38.2,385.79,14.01,105.68,10.19,64
33.8213,-84.3494,6280.33,25.46,305.58,1.27,72.57,6.37,70
33.7888,-84.3886,11229.34,44.56,827.61,12.73,253.37,24.19,84
33.8467,-84.3879,5857.63,15.28,38.2,8.91,45.84,0,20
33.678,-84.3587,553.07,0,10.19,0,3.82,0,4
33.7524,-84.3554,8984.08,132.42,1037.69,47.11,217.72,11.46,76
33.7402,-84.3518,5752.0,28.01,679.91,30.56,180.8,0,76
33.7575,-84.4652,3325.12,6.37,89.13,0,43.29,6.37,19
33.8726,-84.4339,1006.61,5.09,14.01,0,3.82,0,1
33.7192,-84.3777,1814.43,3.82,443.09,0,67.48,0,30
33.6972,-84.5406,1693.47,1.27,15.28,2.55,21.65,0,22
33.74,-84.3157,2569.2,8.91,20.37,0,28.01,0,24
33.7672,-84.365,14429.12,42.02,853.07,61.12,308.12,2.55,79
33.7515,-84.4101,11975.16,12.73,1804.18,59.84,198.63,14.01,71
33.7484,-84.5037,6153.97,5.09,0,0,16.55,0,24
33.7541,-84.4921,6153.97,10.19,6.37,0,16.55,0,50
33.8774,-84.4127,1006.61,3.82,0,0,12.73,0,11
33.8363,-84.4374,989.66,0,49.66,0,16.55,0,2
33.6879,-84.4071,2354.36,7.64,147.7,0,26.74,0,27
33.6915,-84.3823,2096.96,0,24.19,21.65,6.37,0,6
33.7623,-84.5147,869.35,1.27,0,0,15.28,0,40
33.778,-84.4891,3285.9,0,0,0,10.19,0,15
33.735,-84.3822,6470.72,21.65,1055.52,7.64,131.14,30.56,65
33.6722,-84.3942,2890.36,0,0,0,12.73,0,26
33.6827,-84.5,3026.58,2.55,7.64,0,11.46,0,26
33.7931,-84.3709,3169.72,19.1,528.39,15.28,113.32,0,82
33.7978,-84.4835,772.12,3.82,10.19,0,5.09,0,5
33.7345,-84.4984,1429.67,0,49.66,0,8.91,0,11
33.8778,-84.4355,1006.61,0,21.65,0,5.09,0,0
33.7613,-84.4649,3325.12,3.82,58.57,0,21.65,6.37,16
33.656,-84.3886,553.07,10.19,6.37,1.27,17.83,0,27
33.7698,-84.4109,3192.53,17.83,1408.2,52.2,91.67,5.09,60
33.6567,-84.3588,553.07,3.82,3.82,0,14.01,0,7
33.8765,-84.3951,2278.57,1.27,8.91,0,5.09,0,32
33.7877,-84.4085,11479.8,31.83,1119.18,5.09,193.53,7.64,86
33.6953,-84.5337,1693.47,2.55,0,0,14.01,0,27
33.8038,-84.3658,4082.49,20.37,285.21,10.19,95.49,0,77
33.7974,-84.3595,4082.49,11.46,536.03,2.55,35.65,3.82,47
33.7854,-84.4335,1622.89,7.64,66.21,5.09,20.37,0,31
33.8327,-84.4172,1948.91,2.55,114.59,0,14.01,0,9
33.7455,-84.3621,7213.33,67.48,1116.63,35.65,179.53,0,80
33.8356,-84.3776,6038.02,36.92,117.14,8.91,189.71,0,93
33.7776,-84.3583,9726.09,20.37,325.95,19.1,1140.82,3.82,82
33.8217,-84.4057,2150.09,6.37,215.18,45.84,11.46,0,19
33.7605,-84.4522,3325.12,1.27,21.65,2.55,17.83,3.82,12
33.7178,-84.4903,2772.62,0,0,0,10.19,0,17
33.7039,-84.3823,1708.16,0,98.04,8.91,33.1,0,41
33.7206,-84.4201,2292.62,6.37,578.05,8.91,24.19,7.64,37
33.7529,-84.3481,5447.0,105.68,770.31,14.01,109.5,12.73,85
33.7806,-84.4443,1682.47,1.27,40.74,1.27,24.19,0,14
33.8713,-84.4068,1643.86,1.27,0,0,8.91,0,8
33.8109,-84.4376,7230.94,1.27,30.56,0,16.55,0,46
33.8211,-84.3913,2150.09,5.09,235.55,7.64,29.28,6.37,77
33.757,-84.3621,8761.1,57.3,1060.61,56.02,208.81,2.55,88
33.7346,-84.3276,2569.2,6.37,7.64,1.27,8.91,0,13
33.7809,-84.4525,1682.47,2.55,15.28,1.27,38.2,0,28
33.7293,-84.3673,4828.07,19.1,525.85,1.27,59.84,26.74,51
33.8708,-84.42,1006.61,2.55,0,0,3.82,0,6
33.76,-84.3208,5886.64,8.91,151.52,7.64,15.28,8.91,56
33.7046,-84.4707,2396.62,2.55,0,0,7.64,0,22
33.7859,-84.4277,4404.69,6.37,136.24,5.09,26.74,0,65
33.7202,-84.4839,1429.67,1.27,0,0,10.19,0,12
33.7328,-84.4279,3531.11,29.28,119.68,25.46,48.38,0,62
33.7489,-84.3596,7094.2,94.22,1024.96,50.93,190.99,1.27,88
33.8611,-84.3594,3245.64,0,519.48,1.27,24.19,0,36
33.71,-84.407,2582.68,5.09,403.62,0,31.83,0,35
33.8032,-84.3278,4860.82,12.73,219.0,0,100.59,10.19,46
33.7506,-84.4819,4173.21,2.55,12.73,1.27,14.01,0,23
33.6744,-84.5089,3026.58,2.55,2.55,0,6.37,0,10
33.7402,-84.5174,2605.77,0,0,0,6.37,0,1
33.734,-84.4103,2571.13,48.38,1310.16,15.28,104.41,16.55,75
33.8474,-84.4221,3366.7,14.01,89.13,0,66.21,0,27
33.8494,-84.3906,1643.86,8.91,21.65,0,16.55,0,29
33.7454,-84.4865,4173.21,1.27,10.19,0,8.91,0,31
33.7055,-84.3511,2674.81,3.82,62.39,0,25.46,1.27,32
33.799,-84.3752,2508.24,12.73,289.03,19.1,68.75,0,71
33.8542,-84.4308,1006.61,7.64,62.39,0,45.84,0,49
33.6741,-84.4058,3388.64,6.37,40.74,2.55,21.65,0,43
33.6558,-84.3538,553.07,0,0,0,3.82,0,3
33.8493,-84.4396,989.66,8.91,73.85,0,8.91,0,2
33.7148,-84.3843,2919.72,2.55,590.78,0,54.75,0,58
33.6644,-84.3667,553.07,2.55,15.28,0,8.91,0,8
33.8288,-84.455,989.66,5.09,34.38,8.91,2.55,0,9
33.7255,-84.3881,3929.35,6.37,616.25,0,81.49,0,68
33.7129,-84.5187,1869.22,0,0,0,3.82,0,4
33.7291,-84.4384,3531.11,0,6.37,0,16.55,0,48
33.7466,-84.4061,9912.86,30.56,1325.44,2.55,222.82,2.55,86
33.7268,-84.4227,3682.38,11.46,283.93,22.92,22.92,0,57
33.7378,-84.3636,7213.33,26.74,663.36,10.19,87.85,0,53
33.834,-84.4573,989.66,2.55,0,0,2.55,0,8
33.7772,-84.5105,861.17,10.19,0,0,11.46,0,6
33.734,-84.5332,1693.47,2.55,0,0,15.28,0,3
33.8573,-84.3604,3245.64,12.73,828.88,2.55,75.12,0,63
33.7942,-84.5072,861.17,6.37,11.46,0,6.37,0,16
33.7224,-84.4361,2446.78,0,1.27,0,10.19,0,24
33.8153,-84.4491,1141.57,7.64,236.82,17.83,19.1,0,64
33.8363,-84.3847,13198.47,20.37,77.67,8.91,152.79,0,88
33.8098,-84.4206,5680.0,16.55,366.69,0,77.67,1.27,70
33.8741,-84.3556,1987.51,2.55,203.72,0,1.27,0,5
33.7976,-84.3771,2508.24,8.91,267.38,16.55,73.85,0,72
33.7113,-84.4145,2582.68,6.37,760.12,0,31.83,0,23
33.7377,-84.4485,1571.23,1.27,1.27,1.27,6.37,0,21
33.7189,-84.4844,2772.62,1.27,0,0,10.19,0,6
33.7282,-84.5344,1693.47,2.55,0,0,8.91,0,4
33.7914,-84.386,3169.72,47.11,589.51,8.91,202.45,20.37,78
33.7918,-84.4035,2628.4,36.92,622.61,0,134.96,8.91,76
33.7672,-84.3404,6941.18,20.37,958.75,25.46,101.86,11.46,71
33.8265,-84.415,1948.91,12.73,215.18,42.02,14.01,0,9
33.7327,-84.5381,1693.47,2.55,0,0,3.82,0,2
33.7652,-84.3886,6890.58,124.78,3071.05,56.02,631.53,49.66,95
33.8634,-84.3535,3245.64,0,275.02,0,6.37,0,24
33.714,-84.4598,2396.62,0,0,1.27,2.55,0,32
33.8736,-84.3962,2278.57,1.27,8.91,1.27,5.09,0,34
33.7549,-84.4723,1940.62,6.37,57.3,1.27,30.56,6.37,56
33.7663,-84.3666,14429.12,38.2,887.45,63.66,250.83,1.27,82
33.8436,-84.4277,3366.7,16.55,147.7,0,76.39,0,55
33.8142,-84.4093,3393.29,12.73,427.81,34.38,40.74,0,56
33.7475,-84.3077,4174.83,20.37,267.38,8.91,16.55,0,55
33.7189,-84.5262,1869.22,0,0,0,3.82,0,2
33.7206,-84.4333,2446.78,1.27,73.85,0,24.19,7.64,23
33.7229,-84.3286,3873.24,1.27,5.09,0,8.91,0,38
33.7273,-84.4845,1429.67,1.27,8.91,0,7.64,0,5
33.6754,-84.3986,3388.64,2.55,52.2,1.27,20.37,0,42
33.8021,-84.3967,13297.49,5.09,327.22,11.46,78.94,5.09,68
33.7682,-84.3612,6800.56,38.2,733.39,56.02,415.08,3.82,85
33.724,-84.4944,1429.67,8.91,0,0,14.01,0,6
33.7076,-84.3775,1708.16,1.27,147.7,1.27,38.2,0,43
33.862,-84.3791,4814.91,3.82,10.19,2.55,31.83,0,73
33.706,-84.4843,2772.62,2.55,0,0,8.91,0,18
33.8667,-84.3883,1643.86,3.82,3.82,1.27,31.83,0,37
